templateCode,fieldKey,fieldLabel,required,dataSourceKind,classification,isSystemKind,reason
BM-001,"document.issuePlaceDateLine","Địa điểm, ngày lập",true,SYSTEM,SAFE_DOCUMENT_PLACE_DATE,true,"Label ""Địa điểm, ngày lập"" matches safe document place/date pattern"
BM-001,"informant.birthDay","Ngày sinh",true,MANUAL,NEVER_AUTO,false,"Label ""Ngày sinh"" matches NEVER_AUTO pattern (birth/incident/detention date)"
BM-001,"informant.birthMonth","Tháng sinh",true,MANUAL,NEVER_AUTO,false,"Path ""informant.birthMonth"" starts with NEVER_AUTO path prefix"
BM-001,"informant.birthYear","Năm sinh",true,MANUAL,NEVER_AUTO,false,"Path ""informant.birthYear"" starts with NEVER_AUTO path prefix"
BM-001,"informant.identityIssuedDay","Ngày cấp",true,MANUAL,NEVER_AUTO,false,"Label ""Ngày cấp"" matches NEVER_AUTO pattern (birth/incident/detention date)"
BM-001,"reception.endedAtDay","Ngày kết thúc tiếp nhận",true,MANUAL,NEVER_AUTO,false,"Label ""Ngày kết thúc tiếp nhận"" matches NEVER_AUTO pattern (birth/incident/detention date)"
BM-001,"reception.startedAtDay","Ngày bắt đầu tiếp nhận",true,MANUAL,NEVER_AUTO,false,"Label ""Ngày bắt đầu tiếp nhận"" matches NEVER_AUTO pattern (birth/incident/detention date)"
BM-002,"document.issuePlaceAndDateLine","Địa điểm, ngày tháng năm",true,SYSTEM,SAFE_DOCUMENT_PLACE_DATE,true,"Label ""Địa điểm, ngày tháng năm"" matches safe document place/date pattern"
BM-002,"reporter.birthDateLine","Sinh ngày",true,SYSTEM,NEVER_AUTO,true,"Label ""Sinh ngày"" matches NEVER_AUTO pattern (birth/incident/detention date)"
BM-002,"reporter.birthPlace","Nơi sinh",true,MANUAL,NEVER_AUTO,false,"Path ""reporter.birthPlace"" starts with NEVER_AUTO path prefix"
BM-002,"sourceReport.receivedDateLine","Ngày tiếp nhận",true,SYSTEM,NEVER_AUTO,true,"Label ""Ngày tiếp nhận"" matches NEVER_AUTO pattern (birth/incident/detention date)"
BM-003,"document.issuePlaceAndDateLine","Địa điểm, ngày lập văn bản",true,SYSTEM,SAFE_DOCUMENT_PLACE_DATE,true,"Label ""Địa điểm, ngày lập văn bản"" matches safe document place/date pattern"
BM-005,"document.issuePlaceAndDateLine","Địa danh, ngày ban hành",true,SYSTEM,SAFE_DOCUMENT_PLACE_DATE,true,"Path ""document.issuePlaceAndDateLine"" starts with safe document path prefix"
BM-006,"document.issuePlaceAndDateLine","Địa danh, ngày ban hành",true,SYSTEM,SAFE_DOCUMENT_PLACE_DATE,true,"Path ""document.issuePlaceAndDateLine"" starts with safe document path prefix"
BM-007,"document.issuePlaceAndDateLine","Địa danh, ngày ban hành",true,SYSTEM,SAFE_DOCUMENT_PLACE_DATE,true,"Path ""document.issuePlaceAndDateLine"" starts with safe document path prefix"
BM-008,"document.issuePlaceAndDateLine","Địa danh, ngày ban hành",true,SYSTEM,SAFE_DOCUMENT_PLACE_DATE,true,"Path ""document.issuePlaceAndDateLine"" starts with safe document path prefix"
BM-009,"document.issuePlaceAndDateLine","Địa danh, ngày ban hành",true,SYSTEM,SAFE_DOCUMENT_PLACE_DATE,true,"Path ""document.issuePlaceAndDateLine"" starts with safe document path prefix"
BM-010,"document.issuePlaceAndDateLine","Địa danh, ngày ban hành",true,SYSTEM,SAFE_DOCUMENT_PLACE_DATE,true,"Path ""document.issuePlaceAndDateLine"" starts with safe document path prefix"
BM-010,"sourceSuspension.receivedDateLine","Ngày tiếp nhận nguồn tin",true,SYSTEM,NEVER_AUTO,true,"Label ""Ngày tiếp nhận nguồn tin"" matches NEVER_AUTO pattern (birth/incident/detention date)"
BM-011,"document.issuePlaceAndDateLine","Địa danh, ngày ban hành",true,SYSTEM,SAFE_DOCUMENT_PLACE_DATE,true,"Path ""document.issuePlaceAndDateLine"" starts with safe document path prefix"
BM-012,"document.issuePlaceAndDateLine","Địa danh, ngày ban hành",true,SYSTEM,SAFE_DOCUMENT_PLACE_DATE,true,"Path ""document.issuePlaceAndDateLine"" starts with safe document path prefix"
BM-012,"sourceRecovery.suspensionDecisionIssueDateLine","Ngày quyết định tạm đình chỉ",true,SYSTEM,REVIEW_REQUIRED,true,"Label ""Ngày quyết định tạm đình chỉ"" ambiguous — requires manual review"
BM-013,"document.ngayBan","Ngày ban hành",false,MANUAL,SAFE_DOCUMENT_DATE_PART,false,"Label ""Ngày ban hành"" matches safe document date-part pattern"
BM-014,"document.issuePlaceAndDateLine","Địa danh, ngày ban hành",true,SYSTEM,SAFE_DOCUMENT_PLACE_DATE,true,"Path ""document.issuePlaceAndDateLine"" starts with safe document path prefix"
BM-015,"document.issuePlaceAndDateLine","Địa danh, ngày ban hành",true,SYSTEM,SAFE_DOCUMENT_PLACE_DATE,true,"Path ""document.issuePlaceAndDateLine"" starts with safe document path prefix"
BM-016,"document.issuePlaceAndDateLine","Địa danh, ngày ban hành",true,SYSTEM,SAFE_DOCUMENT_PLACE_DATE,true,"Path ""document.issuePlaceAndDateLine"" starts with safe document path prefix"
BM-017,"document.issuePlaceAndDateLine","Địa danh, ngày ban hành",true,SYSTEM,SAFE_DOCUMENT_PLACE_DATE,true,"Path ""document.issuePlaceAndDateLine"" starts with safe document path prefix"
BM-018,"document.issuePlaceAndDateLine","Địa danh, ngày ban hành",true,SYSTEM,SAFE_DOCUMENT_PLACE_DATE,true,"Path ""document.issuePlaceAndDateLine"" starts with safe document path prefix"
BM-019,"document.issuePlaceAndDateLine","Địa danh, ngày ban hành",true,SYSTEM,SAFE_DOCUMENT_PLACE_DATE,true,"Path ""document.issuePlaceAndDateLine"" starts with safe document path prefix"
BM-019,"initiationRequest.originatingDecisionDateText","Ngày quyết định khởi tố ban đầu",true,SYSTEM,REVIEW_REQUIRED,true,"Label ""Ngày quyết định khởi tố ban đầu"" ambiguous — requires manual review"
BM-020,"document.issuePlaceAndDateLine","Địa danh, ngày ban hành",true,SYSTEM,SAFE_DOCUMENT_PLACE_DATE,true,"Path ""document.issuePlaceAndDateLine"" starts with safe document path prefix"
BM-021,"document.issuePlaceAndDateLine","Địa điểm, ngày ban hành",false,SYSTEM,SAFE_DOCUMENT_PLACE_DATE,true,"Label ""Địa điểm, ngày ban hành"" matches safe document place/date pattern"
BM-022,"document.issuePlaceAndDateLine","Số quyết định",false,SYSTEM,SAFE_DOCUMENT_PLACE_DATE,true,"Path ""document.issuePlaceAndDateLine"" starts with safe document path prefix"
BM-023,"case.caseTitle","Tên vụ việc",true,MANUAL,NEVER_AUTO,false,"Path ""case.caseTitle"" starts with NEVER_AUTO path prefix"
BM-023,"document.issuePlaceAndDateLine","Địa danh, ngày ban hành",true,SYSTEM,SAFE_DOCUMENT_PLACE_DATE,true,"Path ""document.issuePlaceAndDateLine"" starts with safe document path prefix"
BM-023,"offense.legalArticle","Điều khoản Bộ luật Hình sự",true,MANUAL,NEVER_AUTO,false,"Path ""offense.legalArticle"" starts with NEVER_AUTO path prefix"
BM-023,"offense.offenseName","Tội danh",true,MANUAL,NEVER_AUTO,false,"Path ""offense.offenseName"" starts with NEVER_AUTO path prefix"
BM-024,"document.issueDate","Số quyết định",false,SYSTEM,SAFE_DOCUMENT_PLACE_DATE,true,"Path ""document.issueDate"" starts with safe document path prefix"
BM-024,"document.issuePlaceAndDateLine","Địa danh, ngày ban hành",false,SYSTEM,SAFE_DOCUMENT_PLACE_DATE,true,"Path ""document.issuePlaceAndDateLine"" starts with safe document path prefix"
BM-026,"document.issueDate","Ngày ban hành",false,SYSTEM,SAFE_DOCUMENT_PLACE_DATE,true,"Path ""document.issueDate"" starts with safe document path prefix"
BM-027,"document.ngayBan","Ngày ban hành",false,MANUAL,SAFE_DOCUMENT_DATE_PART,false,"Label ""Ngày ban hành"" matches safe document date-part pattern"
BM-028,"document.ngayBan","Ngày ban hành",false,MANUAL,SAFE_DOCUMENT_DATE_PART,false,"Label ""Ngày ban hành"" matches safe document date-part pattern"
BM-028,"document.ngayQd","Ngày quyết định",false,MANUAL,REVIEW_REQUIRED,false,"Label ""Ngày quyết định"" ambiguous — requires manual review"
BM-030,"document.issuePlaceAndDateLine","Địa danh, ngày ban hành",true,SYSTEM,SAFE_DOCUMENT_PLACE_DATE,true,"Path ""document.issuePlaceAndDateLine"" starts with safe document path prefix"
BM-031,"document.issuePlaceAndDateLine","Địa danh, ngày ban hành",true,SYSTEM,SAFE_DOCUMENT_PLACE_DATE,true,"Path ""document.issuePlaceAndDateLine"" starts with safe document path prefix"
BM-033,"document.issuePlaceAndDateLine","Địa danh, ngày ban hành",true,SYSTEM,SAFE_DOCUMENT_PLACE_DATE,true,"Path ""document.issuePlaceAndDateLine"" starts with safe document path prefix"
BM-034,"document.issueDate","Ngày ban hành",false,SYSTEM,SAFE_DOCUMENT_PLACE_DATE,true,"Path ""document.issueDate"" starts with safe document path prefix"
BM-035,"document.issueDate","Ngày ban hành",false,SYSTEM,SAFE_DOCUMENT_PLACE_DATE,true,"Path ""document.issueDate"" starts with safe document path prefix"
BM-036,"document.issuePlaceAndDateLine","Địa điểm, ngày ban hành",false,SYSTEM,SAFE_DOCUMENT_PLACE_DATE,true,"Label ""Địa điểm, ngày ban hành"" matches safe document place/date pattern"
BM-037,"document.issuePlaceAndDateLine","Địa danh, ngày ban hành",true,SYSTEM,SAFE_DOCUMENT_PLACE_DATE,true,"Path ""document.issuePlaceAndDateLine"" starts with safe document path prefix"
BM-038,"document.issuePlaceAndDateLine","Địa danh, ngày ban hành",true,SYSTEM,SAFE_DOCUMENT_PLACE_DATE,true,"Path ""document.issuePlaceAndDateLine"" starts with safe document path prefix"
BM-039,"detentionArrest.birthDay","Ngày sinh",true,MANUAL,NEVER_AUTO,false,"Label ""Ngày sinh"" matches NEVER_AUTO pattern (birth/incident/detention date)"
BM-039,"detentionArrest.detentionToDateLine","Thời hạn đến ngày",true,SYSTEM,REVIEW_REQUIRED,true,"Label ""Thời hạn đến ngày"" contains ""ngày"" but not classified safe/never — requires review"
BM-039,"detentionArrest.identityIssuedDay","Ngày cấp CMND/CCCD",true,MANUAL,NEVER_AUTO,false,"Label ""Ngày cấp CMND/CCCD"" matches NEVER_AUTO pattern (birth/incident/detention date)"
BM-039,"document.issuePlaceAndDateLine","Địa danh, ngày ban hành",true,SYSTEM,SAFE_DOCUMENT_PLACE_DATE,true,"Path ""document.issuePlaceAndDateLine"" starts with safe document path prefix"
BM-040,"document.issuePlaceAndDateLine","Địa danh, ngày ban hành",true,SYSTEM,SAFE_DOCUMENT_PLACE_DATE,true,"Path ""document.issuePlaceAndDateLine"" starts with safe document path prefix"
BM-042,"document.issuePlaceAndDateLine","Địa danh, ngày ban hành",true,SYSTEM,SAFE_DOCUMENT_PLACE_DATE,true,"Path ""document.issuePlaceAndDateLine"" starts with safe document path prefix"
BM-043,"document.issuePlaceAndDateLine","Địa danh, ngày ban hành",true,SYSTEM,SAFE_DOCUMENT_PLACE_DATE,true,"Path ""document.issuePlaceAndDateLine"" starts with safe document path prefix"
BM-044,"document.issuePlaceAndDateLine","Địa danh, ngày ban hành",true,SYSTEM,SAFE_DOCUMENT_PLACE_DATE,true,"Path ""document.issuePlaceAndDateLine"" starts with safe document path prefix"
BM-045,"document.issuePlaceAndDateLine","Địa danh, ngày ban hành",true,SYSTEM,SAFE_DOCUMENT_PLACE_DATE,true,"Path ""document.issuePlaceAndDateLine"" starts with safe document path prefix"
BM-046,"document.issuePlaceAndDateLine","Địa danh, ngày ban hành",true,SYSTEM,SAFE_DOCUMENT_PLACE_DATE,true,"Path ""document.issuePlaceAndDateLine"" starts with safe document path prefix"
BM-047,"defendant.birthDateLine","Ngày sinh",true,SYSTEM,NEVER_AUTO,true,"Label ""Ngày sinh"" matches NEVER_AUTO pattern (birth/incident/detention date)"
BM-047,"defendant.birthPlace","Nơi sinh",true,MANUAL,NEVER_AUTO,false,"Path ""defendant.birthPlace"" starts with NEVER_AUTO path prefix"
BM-047,"defendant.identityIssueDateLine","Ngày cấp CMND/CCCD",true,SYSTEM,NEVER_AUTO,true,"Label ""Ngày cấp CMND/CCCD"" matches NEVER_AUTO pattern (birth/incident/detention date)"
BM-047,"document.issuePlaceAndDateLine","Địa danh, ngày ban hành",true,SYSTEM,SAFE_DOCUMENT_PLACE_DATE,true,"Path ""document.issuePlaceAndDateLine"" starts with safe document path prefix"
BM-048,"document.ngayBan","Ngày ban hành",false,MANUAL,SAFE_DOCUMENT_DATE_PART,false,"Label ""Ngày ban hành"" matches safe document date-part pattern"
BM-051,"decision.decisionLine3","Địa điểm, ngày lập",false,MANUAL,SAFE_DOCUMENT_PLACE_DATE,false,"Label ""Địa điểm, ngày lập"" matches safe document place/date pattern"
BM-052,"person.birthInfoLine","Sinh ngày, tháng, năm, nơi sinh",false,MANUAL,NEVER_AUTO,false,"Label ""Sinh ngày, tháng, năm, nơi sinh"" matches NEVER_AUTO pattern (birth/incident/detention date)"
BM-053,"document.issuePlaceAndDateLine","Địa danh, ngày ban hành",true,SYSTEM,SAFE_DOCUMENT_PLACE_DATE,true,"Path ""document.issuePlaceAndDateLine"" starts with safe document path prefix"
BM-053,"person.dateOfBirthText","Sinh ngày",true,SYSTEM,NEVER_AUTO,true,"Label ""Sinh ngày"" matches NEVER_AUTO pattern (birth/incident/detention date)"
BM-054,"document.issuePlaceAndDateLine","Địa danh, ngày ban hành",true,SYSTEM,SAFE_DOCUMENT_PLACE_DATE,true,"Path ""document.issuePlaceAndDateLine"" starts with safe document path prefix"
BM-054,"offense.criminalCodeText","Mã Bộ luật Hình sự",true,MANUAL,NEVER_AUTO,false,"Path ""offense.criminalCodeText"" starts with NEVER_AUTO path prefix"
BM-054,"offense.legalArticle","Điều khoản Bộ luật Hình sự",true,MANUAL,NEVER_AUTO,false,"Path ""offense.legalArticle"" starts with NEVER_AUTO path prefix"
BM-054,"offense.offenseName","Tên tội phạm",true,MANUAL,NEVER_AUTO,false,"Path ""offense.offenseName"" starts with NEVER_AUTO path prefix"
BM-054,"person.dateOfBirthText","Sinh ngày",true,SYSTEM,NEVER_AUTO,true,"Label ""Sinh ngày"" matches NEVER_AUTO pattern (birth/incident/detention date)"
BM-055,"document.issuePlaceAndDateLine","Địa danh, ngày ban hành",true,SYSTEM,SAFE_DOCUMENT_PLACE_DATE,true,"Path ""document.issuePlaceAndDateLine"" starts with safe document path prefix"
BM-055,"offense.criminalCodeText","Mã Bộ luật Hình sự",true,MANUAL,NEVER_AUTO,false,"Path ""offense.criminalCodeText"" starts with NEVER_AUTO path prefix"
BM-055,"offense.legalArticle","Điều khoản Bộ luật Hình sự",true,MANUAL,NEVER_AUTO,false,"Path ""offense.legalArticle"" starts with NEVER_AUTO path prefix"
BM-055,"offense.offenseName","Tên tội phạm",true,MANUAL,NEVER_AUTO,false,"Path ""offense.offenseName"" starts with NEVER_AUTO path prefix"
BM-055,"person.dateOfBirthText","Sinh ngày",true,SYSTEM,NEVER_AUTO,true,"Label ""Sinh ngày"" matches NEVER_AUTO pattern (birth/incident/detention date)"
BM-056,"document.issuePlaceAndDateLine","Địa danh, ngày ban hành",true,SYSTEM,SAFE_DOCUMENT_PLACE_DATE,true,"Path ""document.issuePlaceAndDateLine"" starts with safe document path prefix"
BM-056,"measure.exitPostponementFromDateText","Từ ngày",true,SYSTEM,REVIEW_REQUIRED,true,"Label ""Từ ngày"" contains ""ngày"" but not classified safe/never — requires review"
BM-056,"measure.exitPostponementToDateText","Đến ngày",true,SYSTEM,REVIEW_REQUIRED,true,"Label ""Đến ngày"" contains ""ngày"" but not classified safe/never — requires review"
BM-056,"person.dateOfBirthText","Sinh ngày",true,SYSTEM,NEVER_AUTO,true,"Label ""Sinh ngày"" matches NEVER_AUTO pattern (birth/incident/detention date)"
BM-057,"document.issuePlaceAndDateLine","Địa danh, ngày ban hành",true,SYSTEM,SAFE_DOCUMENT_PLACE_DATE,true,"Path ""document.issuePlaceAndDateLine"" starts with safe document path prefix"
BM-057,"person.dateOfBirthText","Sinh ngày",true,SYSTEM,NEVER_AUTO,true,"Label ""Sinh ngày"" matches NEVER_AUTO pattern (birth/incident/detention date)"
BM-058,"document.issuePlaceAndDateLine","Địa danh, ngày ban hành",true,COMPUTED,SAFE_DOCUMENT_PLACE_DATE,false,"Path ""document.issuePlaceAndDateLine"" starts with safe document path prefix"
BM-058,"person.dateOfBirthText","Ngày sinh",true,COMPUTED,NEVER_AUTO,false,"Label ""Ngày sinh"" matches NEVER_AUTO pattern (birth/incident/detention date)"
BM-059,"document.issuePlaceAndDateLine","Địa danh, ngày ban hành",true,SYSTEM,SAFE_DOCUMENT_PLACE_DATE,true,"Path ""document.issuePlaceAndDateLine"" starts with safe document path prefix"
BM-059,"measure.detentionExtensionFromDateText","Từ ngày",true,SYSTEM,REVIEW_REQUIRED,true,"Label ""Từ ngày"" contains ""ngày"" but not classified safe/never — requires review"
BM-059,"measure.detentionExtensionToDateText","Đến ngày",true,SYSTEM,REVIEW_REQUIRED,true,"Label ""Đến ngày"" contains ""ngày"" but not classified safe/never — requires review"
BM-059,"person.birthDay","Ngày sinh",true,MANUAL,NEVER_AUTO,false,"Label ""Ngày sinh"" matches NEVER_AUTO pattern (birth/incident/detention date)"
BM-059,"person.birthMonth","Tháng sinh",true,MANUAL,NEVER_AUTO,false,"Path ""person.birthMonth"" starts with NEVER_AUTO path prefix"
BM-059,"person.birthYear","Năm sinh",true,MANUAL,NEVER_AUTO,false,"Path ""person.birthYear"" starts with NEVER_AUTO path prefix"
BM-060,"decision.decisionLine10","Địa điểm, ngày lập",false,MANUAL,SAFE_DOCUMENT_PLACE_DATE,false,"Label ""Địa điểm, ngày lập"" matches safe document place/date pattern"
BM-062,"person.birthInfoLine","Sinh ngày, tháng, năm, nơi sinh",false,MANUAL,NEVER_AUTO,false,"Label ""Sinh ngày, tháng, năm, nơi sinh"" matches NEVER_AUTO pattern (birth/incident/detention date)"
BM-062,"person.identityIssueDateLine","Ngày cấp giấy tờ tùy thân",false,MANUAL,NEVER_AUTO,false,"Label ""Ngày cấp giấy tờ tùy thân"" matches NEVER_AUTO pattern (birth/incident/detention date)"
BM-063,"document.issuePlaceAndDateLine","Địa danh, ngày ban hành",false,COMPUTED,SAFE_DOCUMENT_PLACE_DATE,false,"Path ""document.issuePlaceAndDateLine"" starts with safe document path prefix"
BM-063,"person.birthInfoLine","Sinh ngày, tháng, năm, nơi sinh",false,MANUAL,NEVER_AUTO,false,"Label ""Sinh ngày, tháng, năm, nơi sinh"" matches NEVER_AUTO pattern (birth/incident/detention date)"
BM-063,"person.identityIssueLine","Ngày cấp, nơi cấp giấy tờ tùy thân",false,MANUAL,NEVER_AUTO,false,"Label ""Ngày cấp, nơi cấp giấy tờ tùy thân"" matches NEVER_AUTO pattern (birth/incident/detention date)"
BM-064,"document.issueDate","Ngày ban hành",true,SYSTEM,SAFE_DOCUMENT_PLACE_DATE,true,"Path ""document.issueDate"" starts with safe document path prefix"
BM-066,"document.issuePlaceAndDateLine","Địa danh, ngày tháng năm ban hành",false,SYSTEM,SAFE_DOCUMENT_PLACE_DATE,true,"Path ""document.issuePlaceAndDateLine"" starts with safe document path prefix"
BM-066,"person.birthInfoLine","Sinh ngày, tháng, năm, nơi sinh",false,MANUAL,NEVER_AUTO,false,"Label ""Sinh ngày, tháng, năm, nơi sinh"" matches NEVER_AUTO pattern (birth/incident/detention date)"
BM-066,"person.identityIssueLine","Ngày cấp, nơi cấp giấy tờ tùy thân",false,MANUAL,NEVER_AUTO,false,"Label ""Ngày cấp, nơi cấp giấy tờ tùy thân"" matches NEVER_AUTO pattern (birth/incident/detention date)"
BM-068,"document.issueDate","Ngày ban hành",false,MANUAL,SAFE_DOCUMENT_PLACE_DATE,false,"Path ""document.issueDate"" starts with safe document path prefix"
BM-068,"person.dateOfBirth","Ngày sinh",false,MANUAL,NEVER_AUTO,false,"Label ""Ngày sinh"" matches NEVER_AUTO pattern (birth/incident/detention date)"
BM-069,"document.issueDate","Ngày lập biên bản",false,MANUAL,SAFE_DOCUMENT_PLACE_DATE,false,"Path ""document.issueDate"" starts with safe document path prefix"
BM-069,"person.dateOfBirth","Ngày sinh",false,MANUAL,NEVER_AUTO,false,"Label ""Ngày sinh"" matches NEVER_AUTO pattern (birth/incident/detention date)"
BM-070,"document.issuePlaceAndDateLine","Địa danh, ngày ban hành",true,SYSTEM,SAFE_DOCUMENT_PLACE_DATE,true,"Path ""document.issuePlaceAndDateLine"" starts with safe document path prefix"
BM-071,"document.issuePlaceAndDateLine","Địa danh, ngày ban hành",true,SYSTEM,SAFE_DOCUMENT_PLACE_DATE,true,"Path ""document.issuePlaceAndDateLine"" starts with safe document path prefix"
BM-073,"document.issueDate","Ngày ban hành",true,SYSTEM,SAFE_DOCUMENT_PLACE_DATE,true,"Path ""document.issueDate"" starts with safe document path prefix"
BM-073,"person.dateOfBirth","Ngày sinh",false,MANUAL,NEVER_AUTO,false,"Label ""Ngày sinh"" matches NEVER_AUTO pattern (birth/incident/detention date)"
BM-075,"person.dateOfBirth","Ngày sinh",false,MANUAL,NEVER_AUTO,false,"Label ""Ngày sinh"" matches NEVER_AUTO pattern (birth/incident/detention date)"
BM-076,"document.ngayBan","Ngày ban hành",false,MANUAL,SAFE_DOCUMENT_DATE_PART,false,"Label ""Ngày ban hành"" matches safe document date-part pattern"
BM-080,"document.issueDate","Ngày ban hành",false,MANUAL,SAFE_DOCUMENT_PLACE_DATE,false,"Path ""document.issueDate"" starts with safe document path prefix"
BM-080,"person.dateOfBirth","Ngày sinh",false,MANUAL,NEVER_AUTO,false,"Label ""Ngày sinh"" matches NEVER_AUTO pattern (birth/incident/detention date)"
BM-085,"document.issuePlaceAndDateLine","Địa danh, ngày ban hành",true,SYSTEM,SAFE_DOCUMENT_PLACE_DATE,true,"Path ""document.issuePlaceAndDateLine"" starts with safe document path prefix"
BM-086,"document.issuePlaceAndDateLine","Địa danh, ngày ban hành",true,SYSTEM,SAFE_DOCUMENT_PLACE_DATE,true,"Path ""document.issuePlaceAndDateLine"" starts with safe document path prefix"
BM-087,"document.ngayBan","Ngày ban hành",false,MANUAL,SAFE_DOCUMENT_DATE_PART,false,"Label ""Ngày ban hành"" matches safe document date-part pattern"
BM-090,"document.issuePlaceDateLine","Địa danh, ngày ban hành",true,SYSTEM,SAFE_DOCUMENT_PLACE_DATE,true,"Path ""document.issuePlaceDateLine"" starts with safe document path prefix"
BM-092,"document.ngayBan","Ngày ban hành",false,MANUAL,SAFE_DOCUMENT_DATE_PART,false,"Label ""Ngày ban hành"" matches safe document date-part pattern"
BM-093,"document.ngayBan","Ngày ban hành",false,MANUAL,SAFE_DOCUMENT_DATE_PART,false,"Label ""Ngày ban hành"" matches safe document date-part pattern"
BM-094,"document.ngayBan","Ngày ban hành",false,MANUAL,SAFE_DOCUMENT_DATE_PART,false,"Label ""Ngày ban hành"" matches safe document date-part pattern"
BM-095,"document.ngayBan","Ngày ban hành",false,MANUAL,SAFE_DOCUMENT_DATE_PART,false,"Label ""Ngày ban hành"" matches safe document date-part pattern"
BM-096,"document.ngayBan","Ngày ban hành",false,MANUAL,SAFE_DOCUMENT_DATE_PART,false,"Label ""Ngày ban hành"" matches safe document date-part pattern"
BM-097,"document.issuePlaceDateLine","Địa danh, ngày ban hành",true,SYSTEM,SAFE_DOCUMENT_PLACE_DATE,true,"Path ""document.issuePlaceDateLine"" starts with safe document path prefix"
BM-097,"offense.actDescriptionLine","Mô tả hành vi phạm tội",true,MANUAL,NEVER_AUTO,false,"Path ""offense.actDescriptionLine"" starts with NEVER_AUTO path prefix"
BM-097,"person.birthInfoLine","Sinh ngày",true,MANUAL,NEVER_AUTO,false,"Label ""Sinh ngày"" matches NEVER_AUTO pattern (birth/incident/detention date)"
BM-101,"document.ngayBan","Ngày ban hành",false,MANUAL,SAFE_DOCUMENT_DATE_PART,false,"Label ""Ngày ban hành"" matches safe document date-part pattern"
BM-102,"document.ngayBan","Ngày ban hành",false,MANUAL,SAFE_DOCUMENT_DATE_PART,false,"Label ""Ngày ban hành"" matches safe document date-part pattern"
BM-103,"document.issuePlaceAndDateLine","Địa danh, ngày ban hành",true,SYSTEM,SAFE_DOCUMENT_PLACE_DATE,true,"Path ""document.issuePlaceAndDateLine"" starts with safe document path prefix"
BM-103,"investigationExtension.fromDateText","Từ ngày",true,SYSTEM,REVIEW_REQUIRED,true,"Label ""Từ ngày"" contains ""ngày"" but not classified safe/never — requires review"
BM-103,"investigationExtension.toDateText","Đến ngày",true,SYSTEM,REVIEW_REQUIRED,true,"Label ""Đến ngày"" contains ""ngày"" but not classified safe/never — requires review"
BM-104,"document.issuePlaceAndDateLine","Địa danh, ngày ban hành",true,SYSTEM,SAFE_DOCUMENT_PLACE_DATE,true,"Path ""document.issuePlaceAndDateLine"" starts with safe document path prefix"
BM-105,"document.ngayBan","Ngày ban hành",false,MANUAL,SAFE_DOCUMENT_DATE_PART,false,"Label ""Ngày ban hành"" matches safe document date-part pattern"
BM-106,"document.ngayBan","Ngày ban hành",false,MANUAL,SAFE_DOCUMENT_DATE_PART,false,"Label ""Ngày ban hành"" matches safe document date-part pattern"
BM-108,"document.ngayBan","Ngày ban hành",false,MANUAL,SAFE_DOCUMENT_DATE_PART,false,"Label ""Ngày ban hành"" matches safe document date-part pattern"
BM-109,"document.ngayBan","Ngày ban hành",false,MANUAL,SAFE_DOCUMENT_DATE_PART,false,"Label ""Ngày ban hành"" matches safe document date-part pattern"
BM-111,"document.ngayBan","Ngày ban hành",false,MANUAL,SAFE_DOCUMENT_DATE_PART,false,"Label ""Ngày ban hành"" matches safe document date-part pattern"
BM-112,"document.ngayBan","Ngày ban hành",false,MANUAL,SAFE_DOCUMENT_DATE_PART,false,"Label ""Ngày ban hành"" matches safe document date-part pattern"
BM-113,"document.ngayBan","Ngày ban hành",false,MANUAL,SAFE_DOCUMENT_DATE_PART,false,"Label ""Ngày ban hành"" matches safe document date-part pattern"
BM-114,"document.ngayBan","Ngày ban hành",false,MANUAL,SAFE_DOCUMENT_DATE_PART,false,"Label ""Ngày ban hành"" matches safe document date-part pattern"
BM-115,"document.ngayBan","Ngày ban hành",false,MANUAL,SAFE_DOCUMENT_DATE_PART,false,"Label ""Ngày ban hành"" matches safe document date-part pattern"
BM-116,"document.ngayBan","Ngày ban hành",false,MANUAL,SAFE_DOCUMENT_DATE_PART,false,"Label ""Ngày ban hành"" matches safe document date-part pattern"
BM-117,"document.ngayBan","Ngày ban hành",false,MANUAL,SAFE_DOCUMENT_DATE_PART,false,"Label ""Ngày ban hành"" matches safe document date-part pattern"
BM-117,"document.ngayQd","Ngày quyết định",false,MANUAL,REVIEW_REQUIRED,false,"Label ""Ngày quyết định"" ambiguous — requires manual review"
BM-118,"document.ngayBan","Ngày ban hành",false,MANUAL,SAFE_DOCUMENT_DATE_PART,false,"Label ""Ngày ban hành"" matches safe document date-part pattern"
BM-119,"document.ngayBan","Ngày ban hành",false,MANUAL,SAFE_DOCUMENT_DATE_PART,false,"Label ""Ngày ban hành"" matches safe document date-part pattern"
BM-120,"document.ngayBan","Ngày ban hành",false,MANUAL,SAFE_DOCUMENT_DATE_PART,false,"Label ""Ngày ban hành"" matches safe document date-part pattern"
BM-125,"document.ngayBan","Ngày ban hành",false,MANUAL,SAFE_DOCUMENT_DATE_PART,false,"Label ""Ngày ban hành"" matches safe document date-part pattern"
BM-126,"document.ngayBan","Ngày ban hành",false,MANUAL,SAFE_DOCUMENT_DATE_PART,false,"Label ""Ngày ban hành"" matches safe document date-part pattern"
BM-127,"document.ngayBan","Ngày ban hành",false,MANUAL,SAFE_DOCUMENT_DATE_PART,false,"Label ""Ngày ban hành"" matches safe document date-part pattern"
BM-128,"document.ngayBan","Ngày ban hành",false,MANUAL,SAFE_DOCUMENT_DATE_PART,false,"Label ""Ngày ban hành"" matches safe document date-part pattern"
BM-129,"document.ngayBan","Ngày ban hành",false,MANUAL,SAFE_DOCUMENT_DATE_PART,false,"Label ""Ngày ban hành"" matches safe document date-part pattern"
BM-130,"document.ngayBan","Ngày ban hành",false,MANUAL,SAFE_DOCUMENT_DATE_PART,false,"Label ""Ngày ban hành"" matches safe document date-part pattern"
BM-131,"document.ngayBan","Ngày ban hành",false,MANUAL,SAFE_DOCUMENT_DATE_PART,false,"Label ""Ngày ban hành"" matches safe document date-part pattern"
BM-133,"document.ngayBan","Ngày ban hành",false,MANUAL,SAFE_DOCUMENT_DATE_PART,false,"Label ""Ngày ban hành"" matches safe document date-part pattern"
BM-134,"document.ngayBan","Ngày ban hành",false,MANUAL,SAFE_DOCUMENT_DATE_PART,false,"Label ""Ngày ban hành"" matches safe document date-part pattern"
BM-135,"document.ngayBan","Ngày ban hành",false,MANUAL,SAFE_DOCUMENT_DATE_PART,false,"Label ""Ngày ban hành"" matches safe document date-part pattern"
BM-136,"document.ngayBan","Ngày ban hành",false,MANUAL,SAFE_DOCUMENT_DATE_PART,false,"Label ""Ngày ban hành"" matches safe document date-part pattern"
BM-137,"document.ngayLap","Ngày lập",false,MANUAL,REVIEW_REQUIRED,false,"Label ""Ngày lập"" contains ""ngày"" but not classified safe/never — requires review"
BM-138,"document.ngayBan","Ngày ban hành",false,MANUAL,SAFE_DOCUMENT_DATE_PART,false,"Label ""Ngày ban hành"" matches safe document date-part pattern"
BM-139,"document.issueDate","Ngày ban hành",false,MANUAL,SAFE_DOCUMENT_PLACE_DATE,false,"Path ""document.issueDate"" starts with safe document path prefix"
BM-140,"document.ngayBan","Ngày ban hành",false,MANUAL,SAFE_DOCUMENT_DATE_PART,false,"Label ""Ngày ban hành"" matches safe document date-part pattern"
BM-141,"document.issuePlaceAndDateLine","Địa danh, ngày ban hành",true,SYSTEM,SAFE_DOCUMENT_PLACE_DATE,true,"Path ""document.issuePlaceAndDateLine"" starts with safe document path prefix"
BM-142,"document.ngayBan","Ngày ban hành",false,MANUAL,SAFE_DOCUMENT_DATE_PART,false,"Label ""Ngày ban hành"" matches safe document date-part pattern"
BM-144,"document.issuePlaceAndDateLine","Địa danh, ngày ban hành",true,SYSTEM,SAFE_DOCUMENT_PLACE_DATE,true,"Path ""document.issuePlaceAndDateLine"" starts with safe document path prefix"
BM-145,"document.issuePlaceAndDateLine","Địa danh, ngày ban hành",true,SYSTEM,SAFE_DOCUMENT_PLACE_DATE,true,"Path ""document.issuePlaceAndDateLine"" starts with safe document path prefix"
BM-146,"document.issuePlaceAndDateLine","Địa danh, ngày ban hành",true,SYSTEM,SAFE_DOCUMENT_PLACE_DATE,true,"Path ""document.issuePlaceAndDateLine"" starts with safe document path prefix"
BM-147,"document.ngayBan","Ngày ban hành",false,MANUAL,SAFE_DOCUMENT_DATE_PART,false,"Label ""Ngày ban hành"" matches safe document date-part pattern"
BM-148,"document.issuePlaceAndDateLine","Địa danh, ngày ban hành",true,SYSTEM,SAFE_DOCUMENT_PLACE_DATE,true,"Path ""document.issuePlaceAndDateLine"" starts with safe document path prefix"
BM-148,"person.birthDateLine","Sinh ngày",true,SYSTEM,NEVER_AUTO,true,"Label ""Sinh ngày"" matches NEVER_AUTO pattern (birth/incident/detention date)"
BM-149,"document.ngayBan","Ngày ban hành",false,MANUAL,SAFE_DOCUMENT_DATE_PART,false,"Label ""Ngày ban hành"" matches safe document date-part pattern"
BM-150,"document.issuePlaceAndDateLine","Địa danh, ngày ban hành",true,SYSTEM,SAFE_DOCUMENT_PLACE_DATE,true,"Path ""document.issuePlaceAndDateLine"" starts with safe document path prefix"
BM-152,"document.ngayBan","Ngày ban hành",false,MANUAL,SAFE_DOCUMENT_DATE_PART,false,"Label ""Ngày ban hành"" matches safe document date-part pattern"
BM-153,"document.ngayBan","Ngày ban hành",false,MANUAL,SAFE_DOCUMENT_DATE_PART,false,"Label ""Ngày ban hành"" matches safe document date-part pattern"
BM-154,"document.ngayBan","Ngày ban hành",false,MANUAL,SAFE_DOCUMENT_DATE_PART,false,"Label ""Ngày ban hành"" matches safe document date-part pattern"
BM-155,"document.ngayBan","Ngày ban hành",false,MANUAL,SAFE_DOCUMENT_DATE_PART,false,"Label ""Ngày ban hành"" matches safe document date-part pattern"
BM-155,"document.ngayQd","Ngày quyết định",false,MANUAL,REVIEW_REQUIRED,false,"Label ""Ngày quyết định"" ambiguous — requires manual review"
BM-156,"document.issuePlaceAndDateLine","Địa danh, ngày ban hành",true,SYSTEM,SAFE_DOCUMENT_PLACE_DATE,true,"Path ""document.issuePlaceAndDateLine"" starts with safe document path prefix"
BM-159,"document.issuePlaceAndDateLine","Địa danh, ngày ban hành",true,SYSTEM,SAFE_DOCUMENT_PLACE_DATE,true,"Path ""document.issuePlaceAndDateLine"" starts with safe document path prefix"
BM-161,"document.ngayBan","Ngày ban hành",false,MANUAL,SAFE_DOCUMENT_DATE_PART,false,"Label ""Ngày ban hành"" matches safe document date-part pattern"
BM-161,"document.ngaySinh","Ngày sinh",false,MANUAL,NEVER_AUTO,false,"Label ""Ngày sinh"" matches NEVER_AUTO pattern (birth/incident/detention date)"
BM-162,"document.issueDate","Ngày ban hành",false,MANUAL,SAFE_DOCUMENT_PLACE_DATE,false,"Path ""document.issueDate"" starts with safe document path prefix"
BM-162,"person.dateOfBirth","Ngày sinh",false,MANUAL,NEVER_AUTO,false,"Label ""Ngày sinh"" matches NEVER_AUTO pattern (birth/incident/detention date)"
BM-163,"case.caseNumber","Số vụ án",false,MANUAL,NEVER_AUTO,false,"Path ""case.caseNumber"" starts with NEVER_AUTO path prefix"
BM-163,"document.issueDate","Ngày ban hành",false,MANUAL,SAFE_DOCUMENT_PLACE_DATE,false,"Path ""document.issueDate"" starts with safe document path prefix"
BM-163,"person.dateOfBirth","Ngày sinh",false,MANUAL,NEVER_AUTO,false,"Label ""Ngày sinh"" matches NEVER_AUTO pattern (birth/incident/detention date)"
BM-166,"document.issuePlaceAndDateLine","Địa danh, ngày ban hành",true,SYSTEM,SAFE_DOCUMENT_PLACE_DATE,true,"Path ""document.issuePlaceAndDateLine"" starts with safe document path prefix"
BM-169,"document.issuePlaceAndDateLine","Địa danh, ngày ban hành",true,SYSTEM,SAFE_DOCUMENT_PLACE_DATE,true,"Path ""document.issuePlaceAndDateLine"" starts with safe document path prefix"
BM-170,"document.issuePlaceAndDateLine","Địa danh, ngày ban hành",true,SYSTEM,SAFE_DOCUMENT_PLACE_DATE,true,"Path ""document.issuePlaceAndDateLine"" starts with safe document path prefix"
BM-171,"assetOwner.dateOfBirthText","Sinh ngày",true,SYSTEM,NEVER_AUTO,true,"Label ""Sinh ngày"" matches NEVER_AUTO pattern (birth/incident/detention date)"
BM-171,"document.issuePlaceAndDateLine","Địa danh, ngày ban hành",true,SYSTEM,SAFE_DOCUMENT_PLACE_DATE,true,"Path ""document.issuePlaceAndDateLine"" starts with safe document path prefix"
BM-172,"document.issuePlaceAndDateLine","Địa danh, ngày ban hành",true,SYSTEM,SAFE_DOCUMENT_PLACE_DATE,true,"Path ""document.issuePlaceAndDateLine"" starts with safe document path prefix"
BM-172,"propertyRecipient.birthDateLine","Sinh ngày",true,SYSTEM,NEVER_AUTO,true,"Label ""Sinh ngày"" matches NEVER_AUTO pattern (birth/incident/detention date)"
BM-173,"document.issuePlaceAndDateLine","Địa danh, ngày ban hành",true,SYSTEM,SAFE_DOCUMENT_PLACE_DATE,true,"Path ""document.issuePlaceAndDateLine"" starts with safe document path prefix"
BM-174,"document.issueDate","Ngày ban hành",false,MANUAL,SAFE_DOCUMENT_PLACE_DATE,false,"Path ""document.issueDate"" starts with safe document path prefix"
BM-174,"document.issuePlace","Nơi ban hành",false,MANUAL,SAFE_DOCUMENT_PLACE_DATE,false,"Path ""document.issuePlace"" starts with safe document path prefix"
BM-174,"person.dateOfBirth","Ngày sinh",false,MANUAL,NEVER_AUTO,false,"Label ""Ngày sinh"" matches NEVER_AUTO pattern (birth/incident/detention date)"
BM-175,"document.issueDate","Ngày ban hành",false,MANUAL,SAFE_DOCUMENT_PLACE_DATE,false,"Path ""document.issueDate"" starts with safe document path prefix"
BM-176,"document.issueDate","Ngày ban hành",false,MANUAL,SAFE_DOCUMENT_PLACE_DATE,false,"Path ""document.issueDate"" starts with safe document path prefix"
BM-178,"document.issueDate","Ngày ban hành",false,MANUAL,SAFE_DOCUMENT_PLACE_DATE,false,"Path ""document.issueDate"" starts with safe document path prefix"
BM-178,"document.issuePlace","Nơi ban hành",false,MANUAL,SAFE_DOCUMENT_PLACE_DATE,false,"Path ""document.issuePlace"" starts with safe document path prefix"
BM-179,"document.issueDate","Ngày ban hành",false,MANUAL,SAFE_DOCUMENT_PLACE_DATE,false,"Path ""document.issueDate"" starts with safe document path prefix"
BM-179,"document.issuePlace","Nơi ban hành",false,MANUAL,SAFE_DOCUMENT_PLACE_DATE,false,"Path ""document.issuePlace"" starts with safe document path prefix"
BM-179,"person.dateOfBirth","Ngày sinh",false,MANUAL,NEVER_AUTO,false,"Label ""Ngày sinh"" matches NEVER_AUTO pattern (birth/incident/detention date)"
BM-180,"document.issueDate","Ngày ban hành",false,MANUAL,SAFE_DOCUMENT_PLACE_DATE,false,"Path ""document.issueDate"" starts with safe document path prefix"
BM-180,"document.issuePlace","Nơi ban hành",false,MANUAL,SAFE_DOCUMENT_PLACE_DATE,false,"Path ""document.issuePlace"" starts with safe document path prefix"
BM-181,"document.issueDate","Ngày ban hành",false,MANUAL,SAFE_DOCUMENT_PLACE_DATE,false,"Path ""document.issueDate"" starts with safe document path prefix"
BM-182,"document.issueDate","Ngày ban hành",false,MANUAL,SAFE_DOCUMENT_PLACE_DATE,false,"Path ""document.issueDate"" starts with safe document path prefix"
BM-183,"document.issueDate","Ngày ban hành",false,MANUAL,SAFE_DOCUMENT_PLACE_DATE,false,"Path ""document.issueDate"" starts with safe document path prefix"
BM-183,"person.dateOfBirth","Ngày sinh",false,MANUAL,NEVER_AUTO,false,"Label ""Ngày sinh"" matches NEVER_AUTO pattern (birth/incident/detention date)"
BM-184,"document.issueDate","Ngày ban hành",false,MANUAL,SAFE_DOCUMENT_PLACE_DATE,false,"Path ""document.issueDate"" starts with safe document path prefix"
BM-184,"document.issuePlace","Nơi ban hành",false,MANUAL,SAFE_DOCUMENT_PLACE_DATE,false,"Path ""document.issuePlace"" starts with safe document path prefix"
BM-184,"person.dateOfBirth","Ngày sinh",false,MANUAL,NEVER_AUTO,false,"Label ""Ngày sinh"" matches NEVER_AUTO pattern (birth/incident/detention date)"
BM-185,"document.issueDate","Ngày ban hành",false,MANUAL,SAFE_DOCUMENT_PLACE_DATE,false,"Path ""document.issueDate"" starts with safe document path prefix"
BM-185,"person.dateOfBirth","Ngày sinh",false,MANUAL,NEVER_AUTO,false,"Label ""Ngày sinh"" matches NEVER_AUTO pattern (birth/incident/detention date)"
BM-186,"document.issueDate","Ngày ban hành",false,MANUAL,SAFE_DOCUMENT_PLACE_DATE,false,"Path ""document.issueDate"" starts with safe document path prefix"
BM-186,"document.issuePlace","Nơi ban hành",false,MANUAL,SAFE_DOCUMENT_PLACE_DATE,false,"Path ""document.issuePlace"" starts with safe document path prefix"
BM-187,"document.issueDate","Ngày ban hành",false,MANUAL,SAFE_DOCUMENT_PLACE_DATE,false,"Path ""document.issueDate"" starts with safe document path prefix"
BM-188,"document.issueDate","Ngày ban hành",false,MANUAL,SAFE_DOCUMENT_PLACE_DATE,false,"Path ""document.issueDate"" starts with safe document path prefix"
BM-190,"document.issueDate","Ngày ban hành",false,MANUAL,SAFE_DOCUMENT_PLACE_DATE,false,"Path ""document.issueDate"" starts with safe document path prefix"
BM-190,"document.issuePlace","Nơi ban hành",false,MANUAL,SAFE_DOCUMENT_PLACE_DATE,false,"Path ""document.issuePlace"" starts with safe document path prefix"
BM-191,"document.issueDate","Ngày ban hành",false,MANUAL,SAFE_DOCUMENT_PLACE_DATE,false,"Path ""document.issueDate"" starts with safe document path prefix"
BM-191,"document.issuePlace","Nơi ban hành",false,MANUAL,SAFE_DOCUMENT_PLACE_DATE,false,"Path ""document.issuePlace"" starts with safe document path prefix"
BM-192,"document.issueDate","Ngày ban hành",false,MANUAL,SAFE_DOCUMENT_PLACE_DATE,false,"Path ""document.issueDate"" starts with safe document path prefix"
BM-192,"document.issuePlace","Nơi ban hành",false,MANUAL,SAFE_DOCUMENT_PLACE_DATE,false,"Path ""document.issuePlace"" starts with safe document path prefix"
BM-193,"document.issueDate","Ngày ban hành",false,MANUAL,SAFE_DOCUMENT_PLACE_DATE,false,"Path ""document.issueDate"" starts with safe document path prefix"
BM-194,"document.issueDate","Ngày ban hành",false,MANUAL,SAFE_DOCUMENT_PLACE_DATE,false,"Path ""document.issueDate"" starts with safe document path prefix"
BM-195,"document.issueDate","Ngày ban hành",false,MANUAL,SAFE_DOCUMENT_PLACE_DATE,false,"Path ""document.issueDate"" starts with safe document path prefix"
BM-196,"document.issueDate","Ngày ban hành",false,MANUAL,SAFE_DOCUMENT_PLACE_DATE,false,"Path ""document.issueDate"" starts with safe document path prefix"
BM-196,"document.issuePlace","Nơi ban hành",false,MANUAL,SAFE_DOCUMENT_PLACE_DATE,false,"Path ""document.issuePlace"" starts with safe document path prefix"
BM-197,"document.issueDate","Ngày ban hành",false,MANUAL,SAFE_DOCUMENT_PLACE_DATE,false,"Path ""document.issueDate"" starts with safe document path prefix"
BM-197,"document.issuePlace","Nơi ban hành",false,MANUAL,SAFE_DOCUMENT_PLACE_DATE,false,"Path ""document.issuePlace"" starts with safe document path prefix"
BM-198,"document.issueDate","Ngày ban hành",false,MANUAL,SAFE_DOCUMENT_PLACE_DATE,false,"Path ""document.issueDate"" starts with safe document path prefix"
BM-199,"document.issueDate","Ngày ban hành",false,MANUAL,SAFE_DOCUMENT_PLACE_DATE,false,"Path ""document.issueDate"" starts with safe document path prefix"
BM-199,"document.issuePlace","Nơi ban hành",false,MANUAL,SAFE_DOCUMENT_PLACE_DATE,false,"Path ""document.issuePlace"" starts with safe document path prefix"
BM-201,"document.issueDate","Ngày ban hành",false,MANUAL,SAFE_DOCUMENT_PLACE_DATE,false,"Path ""document.issueDate"" starts with safe document path prefix"
BM-202,"document.issueDate","Ngày ban hành",false,MANUAL,SAFE_DOCUMENT_PLACE_DATE,false,"Path ""document.issueDate"" starts with safe document path prefix"
BM-203,"case.caseNumber","Số vụ án",false,MANUAL,NEVER_AUTO,false,"Path ""case.caseNumber"" starts with NEVER_AUTO path prefix"
BM-203,"case.caseNumber2","Số vụ án (dòng 2)",false,MANUAL,NEVER_AUTO,false,"Path ""case.caseNumber2"" starts with NEVER_AUTO path prefix"
BM-203,"document.issueDate","Ngày ban hành",false,MANUAL,SAFE_DOCUMENT_PLACE_DATE,false,"Path ""document.issueDate"" starts with safe document path prefix"
BM-203,"document.issuePlace","Nơi ban hành",false,MANUAL,SAFE_DOCUMENT_PLACE_DATE,false,"Path ""document.issuePlace"" starts with safe document path prefix"
BM-204,"case.caseNumber","Số vụ án",false,MANUAL,NEVER_AUTO,false,"Path ""case.caseNumber"" starts with NEVER_AUTO path prefix"
BM-204,"document.issueDate","Ngày ban hành",false,MANUAL,SAFE_DOCUMENT_PLACE_DATE,false,"Path ""document.issueDate"" starts with safe document path prefix"
BM-211,"case.caseNumber","Số vụ án",false,MANUAL,NEVER_AUTO,false,"Path ""case.caseNumber"" starts with NEVER_AUTO path prefix"
BM-211,"case.caseNumber2","Số vụ án (dòng 2)",false,MANUAL,NEVER_AUTO,false,"Path ""case.caseNumber2"" starts with NEVER_AUTO path prefix"
BM-211,"document.issueDate","Ngày ban hành",false,MANUAL,SAFE_DOCUMENT_PLACE_DATE,false,"Path ""document.issueDate"" starts with safe document path prefix"
BM-212,"document.issueDate","Ngày ban hành",false,MANUAL,SAFE_DOCUMENT_PLACE_DATE,false,"Path ""document.issueDate"" starts with safe document path prefix"
BM-213,"document.issuePlaceAndDateLine","Địa danh, ngày ban hành",true,COMPUTED,SAFE_DOCUMENT_PLACE_DATE,false,"Path ""document.issuePlaceAndDateLine"" starts with safe document path prefix"
BM-213,"person.dateOfBirthText","Ngày sinh",true,COMPUTED,NEVER_AUTO,false,"Label ""Ngày sinh"" matches NEVER_AUTO pattern (birth/incident/detention date)"
BM-213,"person.identityIssueLine","Ngày cấp và nơi cấp giấy tờ",false,COMPUTED,NEVER_AUTO,false,"Label ""Ngày cấp và nơi cấp giấy tờ"" matches NEVER_AUTO pattern (birth/incident/detention date)"