templateCode,sourceId,title,issueCount,failCount,reviewCount,primaryLane,risk,keepDeferred,BAD_LABEL,UI_VISIBLE_BAD_METADATA,GENERIC_FIELD_CANONICALIZATION,RAW_PATTERN_DOMAIN_MISMATCH,SOURCE_MISMATCH,SHOULD_BE_READONLY,REQUIRED_SUSPICIOUS,COMPILED_DRIFT,REMEDIATION_LEAK,WEAK_EVIDENCE_AUTO_LOCKED,nextAction
BM-001,BM-001__f4c2aa3682d3,Biên bản tiếp nhận nguồn tin về tội phạm,0,0,0,VERIFY_ONLY,LOW,false,0,0,0,0,0,0,0,0,0,0,"Keep in verification-only track: contract validate, compile sync, DB sync, and render smoke."
BM-002,BM-002__f78301178da7,Phiếu chuyển nguồn tin về tội phạm,0,0,0,VERIFY_ONLY,LOW,false,0,0,0,0,0,0,0,0,0,0,"Keep in verification-only track: contract validate, compile sync, DB sync, and render smoke."
BM-003,BM-003__bb64990bc49b,"QĐ phân công THQCT, KS việc tiếp nhận, giải quyết nguồn tin về tội phạm",7,3,4,SOURCE_POLICY,MEDIUM,false,3,3,0,0,0,1,0,0,0,0,Decide source kind and readonly/required policy; recompile and verify source-kind parity.
BM-004,BM-004__2775520fd22c,"QĐ thay đổi người THQCT, KS việc giải quyết nguồn tin",4,4,0,PATH_DOMAIN_BINDING,HIGH,false,2,0,2,0,0,0,0,0,0,0,"Compare rawPattern, canonical path, renderBinding, visible DOCX context, and rendered value per field."
BM-005,BM-005__4cf240724a90,"Yêu cầu kiểm tra, xác minh nguồn tin về tội phạm",0,0,0,VERIFY_ONLY,LOW,false,0,0,0,0,0,0,0,0,0,0,"Keep in verification-only track: contract validate, compile sync, DB sync, and render smoke."
BM-006,BM-006__87ff96f9a866,"Yêu cầu tiếp nhận, kiểm tra, xác minh, ra QĐ giải quyết nguồn tin về tội phạm",0,0,0,VERIFY_ONLY,LOW,false,0,0,0,0,0,0,0,0,0,0,"Keep in verification-only track: contract validate, compile sync, DB sync, and render smoke."
BM-007,BM-007__549970d471d1,Yêu cầu cung cấp tài liệu để kiểm sát việc giải quyết nguồn tin về tội phạm,1,0,1,SOURCE_POLICY,MEDIUM,false,0,0,0,0,0,1,0,0,0,0,Decide source kind and readonly/required policy; recompile and verify source-kind parity.
BM-008,BM-008__87981f1c5cf8,Yêu cầu chuyển nguồn tin về tội phạm,0,0,0,VERIFY_ONLY,LOW,false,0,0,0,0,0,0,0,0,0,0,"Keep in verification-only track: contract validate, compile sync, DB sync, and render smoke."
BM-009,BM-009__ad542fd7bc45,QĐ gia hạn thời hạn giải quyết nguồn tin về tội phạm,2,0,2,PATH_DOMAIN_BINDING,HIGH,false,0,0,0,0,2,0,0,0,0,0,"Compare rawPattern, canonical path, renderBinding, visible DOCX context, and rendered value per field."
BM-010,BM-010__3814cd2b4bcf,QĐ tạm đình chỉ giải quyết nguồn tin về tội phạm,3,0,3,PATH_DOMAIN_BINDING,HIGH,false,0,0,0,0,3,0,0,0,0,0,"Compare rawPattern, canonical path, renderBinding, visible DOCX context, and rendered value per field."
BM-011,BM-011__26e6e688d223,QĐ huỷ bỏ QĐ tạm đình chỉ việc giải quyết nguồn tin về tội phạm,3,0,3,PATH_DOMAIN_BINDING,HIGH,false,0,0,0,0,2,1,0,0,0,0,"Compare rawPattern, canonical path, renderBinding, visible DOCX context, and rendered value per field."
BM-012,BM-012__7733d5ac8e86,QĐ phục hồi giải quyết nguồn tin,0,0,0,VERIFY_ONLY,LOW,false,0,0,0,0,0,0,0,0,0,0,"Keep in verification-only track: contract validate, compile sync, DB sync, and render smoke."
BM-013,BM-013__9a1f7d37fec9,QĐ giải quyết tranh chấp về thẩm quyền giải quyết nguồn tin,11,10,1,PATH_DOMAIN_BINDING,HIGH,false,5,0,5,0,1,0,0,0,0,0,"Compare rawPattern, canonical path, renderBinding, visible DOCX context, and rendered value per field."
BM-014,BM-014__ff318bb91779,"QĐ trực tiếp kiểm sát tiếp nhận, giải quyết nguồn tin về tội phạm",4,0,4,PATH_DOMAIN_BINDING,HIGH,false,0,0,0,0,3,1,0,0,0,0,"Compare rawPattern, canonical path, renderBinding, visible DOCX context, and rendered value per field."
BM-015,BM-015__08f17df338d2,"KH trực tiếp kiểm sát việc tiếp nhận, giải quyết nguồn tin về tội phạm",0,0,0,VERIFY_ONLY,LOW,false,0,0,0,0,0,0,0,0,0,0,"Keep in verification-only track: contract validate, compile sync, DB sync, and render smoke."
BM-016,BM-016__565ec1fc2103,"KL trực tiếp kiểm sát việc tiếp nhận, giải quyết nguồn tin về tội phạm",1,0,1,SOURCE_POLICY,MEDIUM,false,0,0,0,0,0,1,0,0,0,0,Decide source kind and readonly/required policy; recompile and verify source-kind parity.
BM-017,BM-017__6b3cad999c61,Yêu cầu khởi tố vụ án hình sự,0,0,0,VERIFY_ONLY,LOW,false,0,0,0,0,0,0,0,0,0,0,"Keep in verification-only track: contract validate, compile sync, DB sync, and render smoke."
BM-018,BM-018__fe8c39468552,Yêu cầu ra QĐ thay đổi QĐ khởi tố vụ án hình sự,1,0,1,SOURCE_POLICY,MEDIUM,false,0,0,0,0,0,1,0,0,0,0,Decide source kind and readonly/required policy; recompile and verify source-kind parity.
BM-019,BM-019__3c2858f47dad,Yêu cầu ra QĐ bổ sung QĐ khởi tố vụ án hình sự,0,0,0,VERIFY_ONLY,LOW,false,0,0,0,0,0,0,0,0,0,0,"Keep in verification-only track: contract validate, compile sync, DB sync, and render smoke."
BM-020,BM-020__0f61c04c750d,"Yêu cầu ra QĐ hủy bỏ QĐ khởi tố, QĐ không khởi tố",2,0,2,PATH_DOMAIN_BINDING,HIGH,false,0,0,0,0,2,0,0,0,0,0,"Compare rawPattern, canonical path, renderBinding, visible DOCX context, and rendered value per field."
BM-021,BM-021__772319486f41,QĐ không khởi tố vụ án hình sự,14,8,6,PATH_DOMAIN_BINDING,HIGH,false,3,0,3,2,0,1,1,4,0,0,"Compare rawPattern, canonical path, renderBinding, visible DOCX context, and rendered value per field."
BM-022,BM-022__13d342bdfc56,QĐ huỷ bỏ QĐ không khởi tố vụ án hình sự,5,2,3,PATH_DOMAIN_BINDING,MEDIUM,false,0,0,0,0,2,0,2,1,0,0,"Compare rawPattern, canonical path, renderBinding, visible DOCX context, and rendered value per field."
BM-023,BM-023__78e4f3906e4c,QĐ khởi tố vụ án hình sự,2,0,2,PATH_DOMAIN_BINDING,HIGH,false,0,0,0,0,1,1,0,0,0,0,"Compare rawPattern, canonical path, renderBinding, visible DOCX context, and rendered value per field."
BM-024,BM-024__575a6d8e9173,QĐ thay đổi QĐ khởi tố vụ án hình sự,5,2,3,PATH_DOMAIN_BINDING,HIGH,false,1,0,1,0,0,0,1,2,0,0,"Compare rawPattern, canonical path, renderBinding, visible DOCX context, and rendered value per field."
BM-025,BM-025__5dcf0eb7f481,QĐ bổ sung QĐ khởi tố vụ án hình sự,7,4,3,PATH_DOMAIN_BINDING,HIGH,false,1,0,1,0,2,0,1,2,0,0,"Compare rawPattern, canonical path, renderBinding, visible DOCX context, and rendered value per field."
BM-026,BM-026__6e339663e320,QĐ huỷ bỏ QĐ khởi tố vụ án hình sự,4,2,2,PATH_DOMAIN_BINDING,MEDIUM,false,0,0,0,1,1,0,1,1,0,0,"Compare rawPattern, canonical path, renderBinding, visible DOCX context, and rendered value per field."
BM-027,BM-027__7c207d24faee,Thông báo về việc huỷ bỏ QĐ khởi tố vụ án hình sự,8,8,0,PATH_DOMAIN_BINDING,HIGH,false,4,0,4,0,0,0,0,0,0,0,"Compare rawPattern, canonical path, renderBinding, visible DOCX context, and rendered value per field."
BM-028,BM-028__e895e0889340,QĐ huỷ bỏ QĐ thay đổi QĐ khởi tố vụ án hình sự,17,14,3,PATH_DOMAIN_BINDING,HIGH,false,7,0,7,0,3,0,0,0,0,0,"Compare rawPattern, canonical path, renderBinding, visible DOCX context, and rendered value per field."
BM-029,BM-029__0bf65fba614a,QĐ huỷ bỏ QĐ bổ sung QĐ khởi tố vụ án hình sự,4,4,0,PATH_DOMAIN_BINDING,HIGH,false,2,0,2,0,0,0,0,0,0,0,"Compare rawPattern, canonical path, renderBinding, visible DOCX context, and rendered value per field."
BM-030,BM-030__0cfa7ae4b177,Thông báo kết quả giải quyết nguồn tin về tội phạm,1,0,1,SOURCE_POLICY,MEDIUM,false,0,0,0,0,0,1,0,0,0,0,Decide source kind and readonly/required policy; recompile and verify source-kind parity.
BM-031,BM-031__ec3276d1eebe,QĐ phê chuẩn Lệnh bắt người bị giữ trong trường hợp khẩn cấp,3,1,2,PATH_DOMAIN_BINDING,HIGH,false,0,0,0,0,2,0,0,0,0,1,"Compare rawPattern, canonical path, renderBinding, visible DOCX context, and rendered value per field."
BM-032,BM-032__cce50086cd38,QĐ không phê chuẩn Lệnh bắt người bị giữ trong trường hợp khẩn cấp,7,4,3,PATH_DOMAIN_BINDING,HIGH,false,1,0,1,0,2,0,1,2,0,0,"Compare rawPattern, canonical path, renderBinding, visible DOCX context, and rendered value per field."
BM-033,BM-033__51058a699877,QĐ phê chuẩn QĐ gia hạn tạm giữ,4,0,4,PATH_DOMAIN_BINDING,HIGH,false,0,0,0,0,2,1,0,1,0,0,"Compare rawPattern, canonical path, renderBinding, visible DOCX context, and rendered value per field."
BM-034,BM-034__e02f842b6038,QĐ không phê chuẩn QĐ gia hạn tạm giữ,4,1,3,PATH_DOMAIN_BINDING,MEDIUM,false,0,0,0,1,0,0,1,2,0,0,"Compare rawPattern, canonical path, renderBinding, visible DOCX context, and rendered value per field."
BM-035,BM-035__be0035952622,"QĐ huỷ bỏ QĐ tạm giữ, quyết định gia hạn tạm giữ",2,0,2,SOURCE_POLICY,MEDIUM,false,0,0,0,0,0,0,1,1,0,0,Decide source kind and readonly/required policy; recompile and verify source-kind parity.
BM-036,BM-036__6f4466480a94,QĐ trả tự do cho người bị tạm giữ,16,9,7,PATH_DOMAIN_BINDING,HIGH,false,2,0,2,5,0,2,2,3,0,0,"Compare rawPattern, canonical path, renderBinding, visible DOCX context, and rendered value per field."
BM-037,BM-037__1fa31d43251e,QĐ phê chuẩn Lệnh bắt bị can để tạm giam,2,0,2,PATH_DOMAIN_BINDING,HIGH,false,0,0,0,0,2,0,0,0,0,0,"Compare rawPattern, canonical path, renderBinding, visible DOCX context, and rendered value per field."
BM-038,BM-038__7a37ca9c9d8e,QĐ không phê chuẩn Lệnh bắt bị can để tạm giam,4,0,4,PATH_DOMAIN_BINDING,HIGH,false,0,0,0,0,2,1,0,1,0,0,"Compare rawPattern, canonical path, renderBinding, visible DOCX context, and rendered value per field."
BM-039,BM-039__733f9ddd4783,Lệnh bắt bị can bị tạm giam,4,0,4,PATH_DOMAIN_BINDING,HIGH,false,0,0,0,0,2,1,0,1,0,0,"Compare rawPattern, canonical path, renderBinding, visible DOCX context, and rendered value per field."
BM-040,BM-040__aab092911088,QĐ phê chuẩn Lệnh tạm giam,2,0,2,PATH_DOMAIN_BINDING,HIGH,false,0,0,0,0,2,0,0,0,0,0,"Compare rawPattern, canonical path, renderBinding, visible DOCX context, and rendered value per field."
BM-041,BM-041__9a027eeceb3a,QĐ không phê chuẩn Lệnh tạm giam,3,1,2,PATH_DOMAIN_BINDING,MEDIUM,false,0,0,0,1,0,0,0,2,0,0,"Compare rawPattern, canonical path, renderBinding, visible DOCX context, and rendered value per field."
BM-042,BM-042__a4da3c74d437,QĐ gia hạn tạm giam,3,0,3,PATH_DOMAIN_BINDING,HIGH,false,0,0,0,0,3,0,0,0,0,0,"Compare rawPattern, canonical path, renderBinding, visible DOCX context, and rendered value per field."
BM-043,BM-043__8eab35cfeedb,QĐ huỷ bỏ biện pháp tạm giam,3,0,3,PATH_DOMAIN_BINDING,HIGH,false,0,0,0,0,3,0,0,0,0,0,"Compare rawPattern, canonical path, renderBinding, visible DOCX context, and rendered value per field."
BM-044,BM-044__8552b13c78ff,QĐ thay thế biện pháp tạm giam,5,1,4,PATH_DOMAIN_BINDING,HIGH,false,0,0,0,0,2,1,0,1,0,1,"Compare rawPattern, canonical path, renderBinding, visible DOCX context, and rendered value per field."
BM-045,BM-045__13efe0d94756,QĐ phê chuẩn QĐ về việc bảo lĩnh,4,0,4,PATH_DOMAIN_BINDING,HIGH,false,0,0,0,0,2,1,0,1,0,0,"Compare rawPattern, canonical path, renderBinding, visible DOCX context, and rendered value per field."
BM-046,BM-046__501a15f0fbb7,QĐ không phê chuẩn QĐ về việc bảo lĩnh,3,0,3,PATH_DOMAIN_BINDING,HIGH,false,0,0,0,0,2,1,0,0,0,0,"Compare rawPattern, canonical path, renderBinding, visible DOCX context, and rendered value per field."
BM-047,BM-047__ec7dc3448f91,QĐ về việc bảo lĩnh,3,0,3,PATH_DOMAIN_BINDING,HIGH,false,0,0,0,0,2,1,0,0,0,0,"Compare rawPattern, canonical path, renderBinding, visible DOCX context, and rendered value per field."
BM-048,BM-048__724a5a8b3421,QĐ huỷ bỏ biện pháp bảo lĩnh,12,12,0,PATH_DOMAIN_BINDING,HIGH,false,6,0,6,0,0,0,0,0,0,0,"Compare rawPattern, canonical path, renderBinding, visible DOCX context, and rendered value per field."
BM-049,BM-049__798e9b21ce2e,QĐ phê chuẩn QĐ về việc đặt tiền để bảo đảm,2,2,0,PATH_DOMAIN_BINDING,HIGH,false,1,0,1,0,0,0,0,0,0,0,"Compare rawPattern, canonical path, renderBinding, visible DOCX context, and rendered value per field."
BM-050,BM-050__2d31c941887e,QĐ không phê chuẩn QĐ về việc đặt tiền để bảo đảm,4,4,0,PATH_DOMAIN_BINDING,HIGH,false,2,0,2,0,0,0,0,0,0,0,"Compare rawPattern, canonical path, renderBinding, visible DOCX context, and rendered value per field."
BM-051,BM-051__594c6c63b397,QĐ về việc đặt tiền để bảo đảm,3,0,3,DOCX_AUTHORING,HIGH,false,0,0,0,0,1,0,1,1,0,0,Return to normalized/source DOCX evidence; reauthor or remap before contract mutation.
BM-052,BM-052__9919ecdb3971,QĐ huỷ bỏ biện pháp đặt tiền để bảo đảm,5,2,3,DOCX_AUTHORING,HIGH,false,1,0,1,0,1,0,1,1,0,0,Return to normalized/source DOCX evidence; reauthor or remap before contract mutation.
BM-053,BM-053__0a5a43238f28,Lệnh cấm đi khỏi nơi cư trú,2,0,2,PATH_DOMAIN_BINDING,HIGH,false,0,0,0,0,2,0,0,0,0,0,"Compare rawPattern, canonical path, renderBinding, visible DOCX context, and rendered value per field."
BM-054,BM-054__71a4c9ac7e0e,Thông báo về việc áp dụng biện pháp cấm đi khỏi nơi cư trú,2,0,2,SOURCE_POLICY,MEDIUM,false,0,0,0,0,0,2,0,0,0,0,Decide source kind and readonly/required policy; recompile and verify source-kind parity.
BM-055,BM-055__b1819db1f92b,QĐ huỷ bỏ biện pháp cấm đi khỏi nơi cư trú,3,0,3,PATH_DOMAIN_BINDING,HIGH,false,0,0,0,0,3,0,0,0,0,0,"Compare rawPattern, canonical path, renderBinding, visible DOCX context, and rendered value per field."
BM-056,BM-056__eea9a3391f5f,QĐ tạm hoãn xuất cảnh,2,1,1,PATH_DOMAIN_BINDING,HIGH,false,0,0,0,0,1,0,0,0,0,1,"Compare rawPattern, canonical path, renderBinding, visible DOCX context, and rendered value per field."
BM-057,BM-057__9053c61ee677,QĐ huỷ bỏ biện pháp tạm hoãn xuất cảnh,1,0,1,PATH_DOMAIN_BINDING,HIGH,false,0,0,0,0,1,0,0,0,0,0,"Compare rawPattern, canonical path, renderBinding, visible DOCX context, and rendered value per field."
BM-058,BM-058__6de8f0022bff,Lệnh tạm giam,9,0,9,SOURCE_POLICY,MEDIUM,false,0,0,0,0,0,5,0,4,0,0,Decide source kind and readonly/required policy; recompile and verify source-kind parity.
BM-059,BM-059__4cdec41fdb1d,QĐ gia hạn thời hạn tạm giam để truy tố 1,4,1,3,PATH_DOMAIN_BINDING,HIGH,false,0,0,0,0,2,1,0,0,0,1,"Compare rawPattern, canonical path, renderBinding, visible DOCX context, and rendered value per field."
BM-060,BM-060__55a252b4f98f,QĐ áp giải bị can,2,0,2,DOCX_AUTHORING,HIGH,false,0,0,0,0,0,0,1,1,0,0,Return to normalized/source DOCX evidence; reauthor or remap before contract mutation.
BM-061,BM-061__ec44550246e9,QĐ dẫn giải,2,0,2,KEEP_DEFERRED_REVIEW,HIGH,true,0,0,0,0,0,0,1,1,0,0,Resolve deferred header/body/path finding first; do not run fast label-only approval.
BM-062,BM-062__110961a781fa,Lệnh kê biên tài sản,5,2,3,DOCX_AUTHORING,HIGH,false,1,0,1,0,0,0,1,2,0,0,Return to normalized/source DOCX evidence; reauthor or remap before contract mutation.
BM-063,BM-063__54b73110a34f,Biên bản kê biên tài sản,5,2,3,KEEP_DEFERRED_REVIEW,HIGH,true,1,0,1,0,0,0,1,2,0,0,Resolve deferred header/body/path finding first; do not run fast label-only approval.
BM-064,BM-064__4d8cebc3515b,QĐ huỷ bỏ biện pháp kê biên tài sản,2,0,2,PATH_DOMAIN_BINDING,HIGH,false,0,0,0,0,1,0,1,0,0,0,"Compare rawPattern, canonical path, renderBinding, visible DOCX context, and rendered value per field."
BM-065,BM-065__4a64c8d7e96c,BB về việc thi hành Quyết định hủy bỏ Lệnh kê biên tài sản,6,2,4,KEEP_DEFERRED_REVIEW,HIGH,true,1,0,1,0,0,0,1,3,0,0,Resolve deferred header/body/path finding first; do not run fast label-only approval.
BM-066,BM-066__e3bc56081554,Lệnh phong toả tài khoản,5,2,3,DOCX_AUTHORING,HIGH,false,1,0,1,0,0,0,1,2,0,0,Return to normalized/source DOCX evidence; reauthor or remap before contract mutation.
BM-067,BM-067__0f7607122f29,Biên bản phong tỏa tài khoản,5,2,3,KEEP_DEFERRED_REVIEW,HIGH,true,1,0,1,0,0,0,1,2,0,0,Resolve deferred header/body/path finding first; do not run fast label-only approval.
BM-068,BM-068__6c1275cc752e,QĐ huỷ bỏ biện pháp phong toả tài khoản,4,0,4,DOCX_AUTHORING,HIGH,false,0,0,0,0,0,0,4,0,0,0,Return to normalized/source DOCX evidence; reauthor or remap before contract mutation.
BM-069,BM-069__3a67d1a2e298,BB về việc hủy bỏ biện pháp phong tỏa tài khoản,24,15,9,KEEP_DEFERRED_REVIEW,HIGH,true,5,5,5,0,0,0,4,0,5,0,Resolve deferred header/body/path finding first; do not run fast label-only approval.
BM-070,BM-070__e63499f6fc20,"QĐ phân công PVT THQCT, KS việc giải quyết VAHS",5,0,5,PATH_DOMAIN_BINDING,HIGH,false,0,0,0,0,5,0,0,0,0,0,"Compare rawPattern, canonical path, renderBinding, visible DOCX context, and rendered value per field."
BM-071,BM-071__cacf3f480888,"QĐ phân công KSV, KTV THQCT, KS việc giải quyết VAHS",5,0,5,PATH_DOMAIN_BINDING,HIGH,false,0,0,0,0,5,0,0,0,0,0,"Compare rawPattern, canonical path, renderBinding, visible DOCX context, and rendered value per field."
BM-072,BM-072__fadb53cde2cb,"QĐ thay đổi VT, PVT, KSV, KTV THQCT, KS việc giải quyết vụ án hình sự",4,4,0,PATH_DOMAIN_BINDING,HIGH,false,2,0,2,0,0,0,0,0,0,0,"Compare rawPattern, canonical path, renderBinding, visible DOCX context, and rendered value per field."
BM-073,BM-073__e412fccad227,"Yêu cầu thay đổi Thủ trưởng, PTT, ĐTV cơ quan có thẩm quyền điều tra",0,0,0,VERIFY_ONLY,LOW,false,0,0,0,0,0,0,0,0,0,0,"Keep in verification-only track: contract validate, compile sync, DB sync, and render smoke."
BM-074,BM-074__e7b3ef2ccb68,"Yêu cầu cử người phiên dịch, người dịch thuật",6,6,0,PATH_DOMAIN_BINDING,HIGH,false,3,0,3,0,0,0,0,0,0,0,"Compare rawPattern, canonical path, renderBinding, visible DOCX context, and rendered value per field."
BM-075,BM-075__dc493cfb5fd3,"Đề nghị thay đổi người phiên dịch, người dịch thuật",7,3,4,KEEP_DEFERRED_REVIEW,HIGH,true,1,1,1,0,0,0,1,2,1,0,Resolve deferred header/body/path finding first; do not run fast label-only approval.
BM-076,BM-076__cd44ed3c7e5d,"QĐ thay đổi người phiên dịch, người dịch thuật",9,8,1,PATH_DOMAIN_BINDING,HIGH,false,4,0,4,0,1,0,0,0,0,0,"Compare rawPattern, canonical path, renderBinding, visible DOCX context, and rendered value per field."
BM-077,BM-077__99d7843f9f9e,"Yêu cầu, đề nghị cử người bào chữa",5,3,2,KEEP_DEFERRED_REVIEW,HIGH,true,1,1,1,0,0,0,1,0,1,0,Resolve deferred header/body/path finding first; do not run fast label-only approval.
BM-078,BM-078__6845bd7e6cb1,Thông báo người bào chữa,6,6,0,PATH_DOMAIN_BINDING,HIGH,false,3,0,3,0,0,0,0,0,0,0,"Compare rawPattern, canonical path, renderBinding, visible DOCX context, and rendered value per field."
BM-079,BM-079__80698c347564,Thông báo huỷ bỏ việc đăng ký bào chữa,0,0,0,VERIFY_ONLY,LOW,false,0,0,0,0,0,0,0,0,0,0,"Keep in verification-only track: contract validate, compile sync, DB sync, and render smoke."
BM-080,BM-080__a7aa64d4b889,Thông báo từ chối việc đăng ký bào chữa,5,0,5,DOCX_AUTHORING,HIGH,false,0,0,0,0,0,0,2,3,0,0,Return to normalized/source DOCX evidence; reauthor or remap before contract mutation.
BM-081,BM-081__232b8c1d66ae,QĐ thời điểm người bào chữa tham gia tố tụng,4,4,0,PATH_DOMAIN_BINDING,HIGH,false,2,0,2,0,0,0,0,0,0,0,"Compare rawPattern, canonical path, renderBinding, visible DOCX context, and rendered value per field."
BM-082,BM-082__44cc2b043383,"Thông báo về thời gian, địa điểm tiến hành tố tụng cho người bào chữa",5,3,2,KEEP_DEFERRED_REVIEW,HIGH,true,1,1,1,0,0,0,1,0,1,0,Resolve deferred header/body/path finding first; do not run fast label-only approval.
BM-083,BM-083__71218955a7c2,"Yêu cầu thay đổi người giám định, người định giá tài sản",6,6,0,PATH_DOMAIN_BINDING,HIGH,false,3,0,3,0,0,0,0,0,0,0,"Compare rawPattern, canonical path, renderBinding, visible DOCX context, and rendered value per field."
BM-084,BM-084__c21e2b7fa5cc,"QĐ thay đổi người giám định, người định giá tài sản",4,4,0,PATH_DOMAIN_BINDING,HIGH,false,2,0,2,0,0,0,0,0,0,0,"Compare rawPattern, canonical path, renderBinding, visible DOCX context, and rendered value per field."
BM-085,BM-085__ae0054d1db43,QĐ chuyển vụ án hình sự để điều tra theo thẩm quyền,2,0,2,PATH_DOMAIN_BINDING,HIGH,false,0,0,0,0,2,0,0,0,0,0,"Compare rawPattern, canonical path, renderBinding, visible DOCX context, and rendered value per field."
BM-086,BM-086__df834c030dc6,"QĐ chuyển việc thực hiện thẩm quyền thực hành quyền công tố, kiểm sát giải quyết nguồn tin, khởi tố điều tra",1,0,1,SOURCE_POLICY,MEDIUM,false,0,0,0,0,0,1,0,0,0,0,Decide source kind and readonly/required policy; recompile and verify source-kind parity.
BM-087,BM-087__80e8edb6b8b2,Yêu cầu điều tra,12,12,0,PATH_DOMAIN_BINDING,HIGH,false,6,0,6,0,0,0,0,0,0,0,"Compare rawPattern, canonical path, renderBinding, visible DOCX context, and rendered value per field."
BM-088,BM-088__d9d213d94690,QĐ huỷ bỏ QĐ nhập vụ án hình sự,4,4,0,PATH_DOMAIN_BINDING,HIGH,false,2,0,2,0,0,0,0,0,0,0,"Compare rawPattern, canonical path, renderBinding, visible DOCX context, and rendered value per field."
BM-089,BM-089__9d0d4280c6a1,QĐ huỷ bỏ QĐ tách vụ án hình sự,0,0,0,VERIFY_ONLY,LOW,false,0,0,0,0,0,0,0,0,0,0,"Keep in verification-only track: contract validate, compile sync, DB sync, and render smoke."
BM-090,BM-090__1c7858168558,QĐ phê chuẩn QĐ khởi tố bị can,3,0,3,PATH_DOMAIN_BINDING,HIGH,false,0,0,0,0,2,1,0,0,0,0,"Compare rawPattern, canonical path, renderBinding, visible DOCX context, and rendered value per field."
BM-091,BM-091__18a41431ecae,QĐ phê chuẩn QĐ thay đổi QĐ khởi tố bị can,4,4,0,PATH_DOMAIN_BINDING,HIGH,false,2,0,2,0,0,0,0,0,0,0,"Compare rawPattern, canonical path, renderBinding, visible DOCX context, and rendered value per field."
BM-092,BM-092__f8ca4bc8033d,QĐ phê chuẩn QĐ bổ sung QĐ khởi tố bị can,6,6,0,PATH_DOMAIN_BINDING,HIGH,false,3,0,3,0,0,0,0,0,0,0,"Compare rawPattern, canonical path, renderBinding, visible DOCX context, and rendered value per field."
BM-093,BM-093__7273ce5a66b8,QĐ huỷ bỏ QĐ thay đổi QĐ khởi tố bị can,6,6,0,PATH_DOMAIN_BINDING,HIGH,false,3,0,3,0,0,0,0,0,0,0,"Compare rawPattern, canonical path, renderBinding, visible DOCX context, and rendered value per field."
BM-094,BM-094__12ad016b36d2,QĐ huỷ bỏ QĐ bổ sung QĐ khởi tố bị can,8,8,0,PATH_DOMAIN_BINDING,HIGH,false,4,0,4,0,0,0,0,0,0,0,"Compare rawPattern, canonical path, renderBinding, visible DOCX context, and rendered value per field."
BM-095,BM-095__83c3c1ef212f,QĐ huỷ bỏ QĐ huỷ bỏ QĐ khởi tố bị can,7,6,1,PATH_DOMAIN_BINDING,HIGH,false,3,0,3,0,1,0,0,0,0,0,"Compare rawPattern, canonical path, renderBinding, visible DOCX context, and rendered value per field."
BM-096,BM-096__a50a08efa62f,Yêu cầu ra QĐ khởi tố bị can,32,32,0,PATH_DOMAIN_BINDING,HIGH,false,16,0,16,0,0,0,0,0,0,0,"Compare rawPattern, canonical path, renderBinding, visible DOCX context, and rendered value per field."
BM-097,BM-097__17f981bf5afd,QĐ khởi tố bị can,3,0,3,PATH_DOMAIN_BINDING,HIGH,false,0,0,0,0,2,1,0,0,0,0,"Compare rawPattern, canonical path, renderBinding, visible DOCX context, and rendered value per field."
BM-098,BM-098__949d75027001,Yêu cầu ra QĐ thay đổi quyết định khởi tố bị can,4,4,0,PATH_DOMAIN_BINDING,HIGH,false,2,0,2,0,0,0,0,0,0,0,"Compare rawPattern, canonical path, renderBinding, visible DOCX context, and rendered value per field."
BM-099,BM-099__ce4aa505a071,QĐ thay đổi QĐ khởi tố bị can,2,2,0,PATH_DOMAIN_BINDING,HIGH,false,1,0,1,0,0,0,0,0,0,0,"Compare rawPattern, canonical path, renderBinding, visible DOCX context, and rendered value per field."
BM-100,BM-100__a359d20c8fed,Yêu cầu ra QĐ bổ sung QĐ khởi tố bị can,4,4,0,PATH_DOMAIN_BINDING,HIGH,false,2,0,2,0,0,0,0,0,0,0,"Compare rawPattern, canonical path, renderBinding, visible DOCX context, and rendered value per field."
BM-101,BM-101__2fe2187f4777,QĐ bổ sung QĐ khởi tố bị can,8,8,0,PATH_DOMAIN_BINDING,HIGH,false,4,0,4,0,0,0,0,0,0,0,"Compare rawPattern, canonical path, renderBinding, visible DOCX context, and rendered value per field."
BM-102,BM-102__88bde5060df8,QĐ huỷ bỏ QĐ khởi tố bị can,8,8,0,PATH_DOMAIN_BINDING,HIGH,false,4,0,4,0,0,0,0,0,0,0,"Compare rawPattern, canonical path, renderBinding, visible DOCX context, and rendered value per field."
BM-103,BM-103__665eb32a5626,Đề nghị gia hạn thời hạn điều tra,1,0,1,SOURCE_POLICY,MEDIUM,false,0,0,0,0,0,1,0,0,0,0,Decide source kind and readonly/required policy; recompile and verify source-kind parity.
BM-104,BM-104__6d6f5903cad3,quyết định gia hạn thời hạn điều tra VAHS,3,0,3,PATH_DOMAIN_BINDING,HIGH,false,0,0,0,0,2,1,0,0,0,0,"Compare rawPattern, canonical path, renderBinding, visible DOCX context, and rendered value per field."
BM-105,BM-105__c83181e6b64b,QĐ không gia hạn thời hạn điều tra VAHS,6,6,0,PATH_DOMAIN_BINDING,HIGH,false,3,0,3,0,0,0,0,0,0,0,"Compare rawPattern, canonical path, renderBinding, visible DOCX context, and rendered value per field."
BM-106,BM-106__7f44c9dd261a,Yêu cầu truy nã bị can,18,18,0,PATH_DOMAIN_BINDING,HIGH,false,9,0,9,0,0,0,0,0,0,0,"Compare rawPattern, canonical path, renderBinding, visible DOCX context, and rendered value per field."
BM-107,BM-107__9b3379af7cfe,QĐ huỷ bỏ QĐ tạm đình chỉ điều tra VAHS,4,4,0,PATH_DOMAIN_BINDING,HIGH,false,2,0,2,0,0,0,0,0,0,0,"Compare rawPattern, canonical path, renderBinding, visible DOCX context, and rendered value per field."
BM-108,BM-108__baea4e0f603e,QĐ huỷ bỏ QĐ tạm đình chỉ điều tra bị can,8,8,0,PATH_DOMAIN_BINDING,HIGH,false,4,0,4,0,0,0,0,0,0,0,"Compare rawPattern, canonical path, renderBinding, visible DOCX context, and rendered value per field."
BM-109,BM-109__0fe502079a3e,QĐ huỷ bỏ QĐ tạm đình chỉ điều tra VAHS đối với bị can,8,8,0,PATH_DOMAIN_BINDING,HIGH,false,4,0,4,0,0,0,0,0,0,0,"Compare rawPattern, canonical path, renderBinding, visible DOCX context, and rendered value per field."
BM-110,BM-110__a1f991fed29c,QĐ huỷ bỏ QĐ đình chỉ điều tra VAHS,4,4,0,PATH_DOMAIN_BINDING,HIGH,false,2,0,2,0,0,0,0,0,0,0,"Compare rawPattern, canonical path, renderBinding, visible DOCX context, and rendered value per field."
BM-111,BM-111__33851c577165,QĐ huỷ bỏ QĐ đình chỉ điều tra bị can,6,6,0,PATH_DOMAIN_BINDING,HIGH,false,3,0,3,0,0,0,0,0,0,0,"Compare rawPattern, canonical path, renderBinding, visible DOCX context, and rendered value per field."
BM-112,BM-112__109c846bbe17,QĐ huỷ bỏ QĐ đình chỉ điều tra VAHS đối với bị can,8,8,0,PATH_DOMAIN_BINDING,HIGH,false,4,0,4,0,0,0,0,0,0,0,"Compare rawPattern, canonical path, renderBinding, visible DOCX context, and rendered value per field."
BM-113,BM-113__2651c6185250,Yêu cầu phục hồi điều tra VAHS,8,8,0,PATH_DOMAIN_BINDING,HIGH,false,4,0,4,0,0,0,0,0,0,0,"Compare rawPattern, canonical path, renderBinding, visible DOCX context, and rendered value per field."
BM-114,BM-114__84cec283ce1b,Yêu cầu phục hồi điều tra bị can,10,10,0,PATH_DOMAIN_BINDING,HIGH,false,5,0,5,0,0,0,0,0,0,0,"Compare rawPattern, canonical path, renderBinding, visible DOCX context, and rendered value per field."
BM-115,BM-115__94659bf76001,Yêu cầu phục hồi điều tra VAHS đối với bị can,10,10,0,PATH_DOMAIN_BINDING,HIGH,false,5,0,5,0,0,0,0,0,0,0,"Compare rawPattern, canonical path, renderBinding, visible DOCX context, and rendered value per field."
BM-116,BM-116__23c45f530ed1,QĐ phục hồi điều tra vụ án hình sự,6,6,0,PATH_DOMAIN_BINDING,HIGH,false,3,0,3,0,0,0,0,0,0,0,"Compare rawPattern, canonical path, renderBinding, visible DOCX context, and rendered value per field."
BM-117,BM-117__c9531f5e460e,QĐ phục hồi điều tra bị can,21,20,1,PATH_DOMAIN_BINDING,HIGH,false,10,0,10,0,1,0,0,0,0,0,"Compare rawPattern, canonical path, renderBinding, visible DOCX context, and rendered value per field."
BM-118,BM-118__7d13f5eae86d,QĐ phục hồi điều tra VA đối với bị can,21,20,1,PATH_DOMAIN_BINDING,HIGH,false,10,0,10,0,1,0,0,0,0,0,"Compare rawPattern, canonical path, renderBinding, visible DOCX context, and rendered value per field."
BM-119,BM-119__bb054433cbac,QĐ phê chuẩn Lệnh khám xét,8,8,0,PATH_DOMAIN_BINDING,HIGH,false,4,0,4,0,0,0,0,0,0,0,"Compare rawPattern, canonical path, renderBinding, visible DOCX context, and rendered value per field."
BM-120,BM-120__e702d429a0f3,QĐ không phê chuẩn Lệnh khám xét,6,6,0,PATH_DOMAIN_BINDING,HIGH,false,3,0,3,0,0,0,0,0,0,0,"Compare rawPattern, canonical path, renderBinding, visible DOCX context, and rendered value per field."
BM-121,BM-121__a7983088c6ec,"QĐ phê chuẩn Lệnh thu giữ thư tín, điện tín, bưu kiện, bưu phẩm",4,4,0,PATH_DOMAIN_BINDING,HIGH,false,2,0,2,0,0,0,0,0,0,0,"Compare rawPattern, canonical path, renderBinding, visible DOCX context, and rendered value per field."
BM-122,BM-122__c6efcf63e36a,"QĐ không phê chuẩn Lệnh thu giữ thư tín, điện tín, bưu kiện, bưu phẩm",2,2,0,PATH_DOMAIN_BINDING,HIGH,false,1,0,1,0,0,0,0,0,0,0,"Compare rawPattern, canonical path, renderBinding, visible DOCX context, and rendered value per field."
BM-123,BM-123__8aa275f0ac70,QĐ thực nghiệm điều tra,2,2,0,PATH_DOMAIN_BINDING,HIGH,false,1,0,1,0,0,0,0,0,0,0,"Compare rawPattern, canonical path, renderBinding, visible DOCX context, and rendered value per field."
BM-124,BM-124__1fca98cb2e90,Biên bản thực nghiệm điều tra,0,0,0,VERIFY_ONLY,LOW,false,0,0,0,0,0,0,0,0,0,0,"Keep in verification-only track: contract validate, compile sync, DB sync, and render smoke."
BM-125,BM-125__77ec214513fb,"Thông báo về việc không chấp nhận đề nghị trưng cầu giám định, định giá tài sản",8,8,0,PATH_DOMAIN_BINDING,HIGH,false,4,0,4,0,0,0,0,0,0,0,"Compare rawPattern, canonical path, renderBinding, visible DOCX context, and rendered value per field."
BM-126,BM-126__2d8c3d38368b,QĐ trưng cầu giám định,20,18,2,PATH_DOMAIN_BINDING,HIGH,false,9,0,9,0,1,0,0,1,0,0,"Compare rawPattern, canonical path, renderBinding, visible DOCX context, and rendered value per field."
BM-127,BM-127__582febaeadf0,Yêu cầu định giá tài sản,12,12,0,PATH_DOMAIN_BINDING,HIGH,false,6,0,6,0,0,0,0,0,0,0,"Compare rawPattern, canonical path, renderBinding, visible DOCX context, and rendered value per field."
BM-128,BM-128__8eab646ee06f,"Thông báo nội dung kết luận giám định, định giá tài sản",11,10,1,PATH_DOMAIN_BINDING,HIGH,false,5,0,5,0,1,0,0,0,0,0,"Compare rawPattern, canonical path, renderBinding, visible DOCX context, and rendered value per field."
BM-129,BM-129__7fb66a442c28,QĐ trưng cầu giám định bổ sung,12,12,0,PATH_DOMAIN_BINDING,HIGH,false,6,0,6,0,0,0,0,0,0,0,"Compare rawPattern, canonical path, renderBinding, visible DOCX context, and rendered value per field."
BM-130,BM-130__9a859e843d48,QĐ trưng cầu giám định lại,13,12,1,PATH_DOMAIN_BINDING,HIGH,false,6,0,6,0,1,0,0,0,0,0,"Compare rawPattern, canonical path, renderBinding, visible DOCX context, and rendered value per field."
BM-131,BM-131__91726e55d979,Yêu cầu định giá lại tài sản,10,10,0,PATH_DOMAIN_BINDING,HIGH,false,5,0,5,0,0,0,0,0,0,0,"Compare rawPattern, canonical path, renderBinding, visible DOCX context, and rendered value per field."
BM-132,BM-132__670b47f0b235,QĐ định giá lại tài sản trong trường hợp đặc biệt,7,6,1,PATH_DOMAIN_BINDING,HIGH,false,3,0,3,0,1,0,0,0,0,0,"Compare rawPattern, canonical path, renderBinding, visible DOCX context, and rendered value per field."
BM-133,BM-133__1f7f12f1a249,QĐ giám định lại trong trường hợp đặc biệt,12,10,2,PATH_DOMAIN_BINDING,HIGH,false,5,0,5,0,2,0,0,0,0,0,"Compare rawPattern, canonical path, renderBinding, visible DOCX context, and rendered value per field."
BM-134,BM-134__7c1e123c01b0,BB ghi lời khai,14,14,0,PATH_DOMAIN_BINDING,HIGH,false,7,0,7,0,0,0,0,0,0,0,"Compare rawPattern, canonical path, renderBinding, visible DOCX context, and rendered value per field."
BM-135,BM-135__79b31ad7511e,BB hỏi cung bị can,14,14,0,PATH_DOMAIN_BINDING,HIGH,false,7,0,7,0,0,0,0,0,0,0,"Compare rawPattern, canonical path, renderBinding, visible DOCX context, and rendered value per field."
BM-136,BM-136__f7c2e28ddd12,BB đối chất,28,28,0,PATH_DOMAIN_BINDING,HIGH,false,14,0,14,0,0,0,0,0,0,0,"Compare rawPattern, canonical path, renderBinding, visible DOCX context, and rendered value per field."
BM-137,BM-137__d2c569c61fb7,Biên bản xác minh-làm việc,10,10,0,PATH_DOMAIN_BINDING,HIGH,false,5,0,5,0,0,0,0,0,0,0,"Compare rawPattern, canonical path, renderBinding, visible DOCX context, and rendered value per field."
BM-138,BM-138__bf31a1f547b0,"Yêu cầu cung cấp tài liệu liên quan đến hành vi, QĐ tố tụng có vi phạm pháp luật trong điều tra",12,12,0,PATH_DOMAIN_BINDING,HIGH,false,6,0,6,0,0,0,0,0,0,0,"Compare rawPattern, canonical path, renderBinding, visible DOCX context, and rendered value per field."
BM-139,BM-139__23306e6022bd,"Kiến nghị khắc phục vi phạm trong hoạt động khởi tố, điều tra",4,3,1,SOURCE_POLICY,MEDIUM,false,0,0,0,0,0,0,1,0,0,3,Decide source kind and readonly/required policy; recompile and verify source-kind parity.
BM-140,BM-140__13e1ade15acd,Kiến nghị áp dụng biện pháp phòng ngừa tội phạm và vi phạm pháp luật,8,8,0,PATH_DOMAIN_BINDING,HIGH,false,4,0,4,0,0,0,0,0,0,0,"Compare rawPattern, canonical path, renderBinding, visible DOCX context, and rendered value per field."
BM-141,BM-141__abc5fb5fb096,QĐ chuyển vụ án để truy tố,0,0,0,VERIFY_ONLY,LOW,false,0,0,0,0,0,0,0,0,0,0,"Keep in verification-only track: contract validate, compile sync, DB sync, and render smoke."
BM-142,BM-142__02d373abb354,Quyết định nhập vụ án hình sự trong giai đoạn truy tố,8,8,0,PATH_DOMAIN_BINDING,HIGH,false,4,0,4,0,0,0,0,0,0,0,"Compare rawPattern, canonical path, renderBinding, visible DOCX context, and rendered value per field."
BM-143,BM-143__7ad54f65b3a0,Quyết định tách vụ án hình sự trong giai đoạn truy tố,4,4,0,PATH_DOMAIN_BINDING,HIGH,false,2,0,2,0,0,0,0,0,0,0,"Compare rawPattern, canonical path, renderBinding, visible DOCX context, and rendered value per field."
BM-144,BM-144__720233712d47,QĐ gia hạn thời hạn QĐ việc truy tố,0,0,0,VERIFY_ONLY,LOW,false,0,0,0,0,0,0,0,0,0,0,"Keep in verification-only track: contract validate, compile sync, DB sync, and render smoke."
BM-145,BM-145__fc22267f4a63,QĐ trả hồ sơ vụ án để điều tra bổ sung,3,0,3,PATH_DOMAIN_BINDING,HIGH,false,0,0,0,0,3,0,0,0,0,0,"Compare rawPattern, canonical path, renderBinding, visible DOCX context, and rendered value per field."
BM-146,BM-146__59e5d7e21119,QĐ tạm đình chỉ vụ án,4,0,4,PATH_DOMAIN_BINDING,HIGH,false,0,0,0,0,4,0,0,0,0,0,"Compare rawPattern, canonical path, renderBinding, visible DOCX context, and rendered value per field."
BM-147,BM-147__7bf9bc811cad,QĐ huỷ bỏ QĐ tạm đình chỉ vụ án,6,6,0,PATH_DOMAIN_BINDING,HIGH,false,3,0,3,0,0,0,0,0,0,0,"Compare rawPattern, canonical path, renderBinding, visible DOCX context, and rendered value per field."
BM-148,BM-148__d4d27bb90141,QĐ tạm đình chỉ vụ án đối với bị can,4,0,4,PATH_DOMAIN_BINDING,HIGH,false,0,0,0,0,3,1,0,0,0,0,"Compare rawPattern, canonical path, renderBinding, visible DOCX context, and rendered value per field."
BM-149,BM-149__3990ac4442f1,QĐ huỷ bỏ QĐ tạm đình chỉ vụ án đối với bị can,10,10,0,PATH_DOMAIN_BINDING,HIGH,false,5,0,5,0,0,0,0,0,0,0,"Compare rawPattern, canonical path, renderBinding, visible DOCX context, and rendered value per field."
BM-150,BM-150__d19a8665087c,QĐ đình chỉ vụ án,4,0,4,PATH_DOMAIN_BINDING,HIGH,false,0,0,0,0,4,0,0,0,0,0,"Compare rawPattern, canonical path, renderBinding, visible DOCX context, and rendered value per field."
BM-151,BM-151__d3ead7c40b56,QĐ huỷ bỏ QĐ đình chỉ vụ án,4,4,0,PATH_DOMAIN_BINDING,HIGH,false,2,0,2,0,0,0,0,0,0,0,"Compare rawPattern, canonical path, renderBinding, visible DOCX context, and rendered value per field."
BM-152,BM-152__d28f03a3f72b,QĐ đình chỉ vụ án đối với bị can,14,14,0,PATH_DOMAIN_BINDING,HIGH,false,7,0,7,0,0,0,0,0,0,0,"Compare rawPattern, canonical path, renderBinding, visible DOCX context, and rendered value per field."
BM-153,BM-153__829ed04c824a,QĐ huỷ bỏ QĐ đình chỉ vụ án đối với bị can,9,8,1,PATH_DOMAIN_BINDING,HIGH,false,4,0,4,0,1,0,0,0,0,0,"Compare rawPattern, canonical path, renderBinding, visible DOCX context, and rendered value per field."
BM-154,BM-154__618d13a959ca,QĐ phục hồi vụ án,11,10,1,PATH_DOMAIN_BINDING,HIGH,false,5,0,5,0,1,0,0,0,0,0,"Compare rawPattern, canonical path, renderBinding, visible DOCX context, and rendered value per field."
BM-155,BM-155__d89766f2092a,QĐ phục hồi vụ án đối với bị can,29,28,1,PATH_DOMAIN_BINDING,HIGH,false,13,2,13,0,1,0,0,0,0,0,"Compare rawPattern, canonical path, renderBinding, visible DOCX context, and rendered value per field."
BM-156,BM-156__ef438a40e567,Cáo trạng,1,0,1,SOURCE_POLICY,MEDIUM,false,0,0,0,0,0,1,0,0,0,0,Decide source kind and readonly/required policy; recompile and verify source-kind parity.
BM-157,BM-157__a5c6971a69d2,Bản kê vật chứng kèm theo Cáo trạng,2,2,0,PATH_DOMAIN_BINDING,HIGH,false,1,0,1,0,0,0,0,0,0,0,"Compare rawPattern, canonical path, renderBinding, visible DOCX context, and rendered value per field."
BM-158,BM-158__7a98055a3e9c,Danh sách đề nghị triệu tập đến phiên tòa,4,4,0,PATH_DOMAIN_BINDING,HIGH,false,2,0,2,0,0,0,0,0,0,0,"Compare rawPattern, canonical path, renderBinding, visible DOCX context, and rendered value per field."
BM-159,BM-159__d95eb7bda8e3,"QĐ phân công VKS cấp dưới THQCT, KS xét xử VAHS",2,0,2,PATH_DOMAIN_BINDING,HIGH,false,0,0,0,0,1,1,0,0,0,0,"Compare rawPattern, canonical path, renderBinding, visible DOCX context, and rendered value per field."
BM-160,BM-160__2f8e7c014448,Biên bản niêm yết công khai văn bản tố tụng,2,2,0,PATH_DOMAIN_BINDING,HIGH,false,1,0,1,0,0,0,0,0,0,0,"Compare rawPattern, canonical path, renderBinding, visible DOCX context, and rendered value per field."
BM-161,BM-161__5c910ef4adf5,Phiếu yêu cầu trích xuất,12,12,0,PATH_DOMAIN_BINDING,HIGH,false,6,0,6,0,0,0,0,0,0,0,"Compare rawPattern, canonical path, renderBinding, visible DOCX context, and rendered value per field."
BM-162,BM-162__6e7e16348066,Giấy mời,8,3,5,REMEDIATION_LEAK,HIGH,false,1,1,1,0,0,0,4,0,1,0,Inspect remediation placeholder fields against source DOCX and close leak with reviewed decision pack.
BM-163,BM-163__61941122b9e4,Giấy triệu tập,12,3,9,REMEDIATION_LEAK,HIGH,false,1,1,1,0,0,0,4,4,1,0,Inspect remediation placeholder fields against source DOCX and close leak with reviewed decision pack.
BM-164,BM-164__04fa37dd8384,"BB giao nhận Cáo trạng, QĐ truy tố theo thủ tục rút gọn, QĐ tạm đình chỉ vụ án, đình chỉ vụ án",7,6,1,SOURCE_POLICY,MEDIUM,false,0,0,0,0,0,0,1,0,0,6,Decide source kind and readonly/required policy; recompile and verify source-kind parity.
BM-165,BM-165__d391dc4d1ffb,Thông báo về việc vụ án có bị can bị tạm giam,2,1,1,SOURCE_POLICY,MEDIUM,false,0,0,0,0,0,0,1,0,0,1,Decide source kind and readonly/required policy; recompile and verify source-kind parity.
BM-166,BM-166__d0762a0ffb28,QĐ trả hồ sơ vụ án để điều tra lại,3,0,3,PATH_DOMAIN_BINDING,HIGH,false,0,0,0,0,2,1,0,0,0,0,"Compare rawPattern, canonical path, renderBinding, visible DOCX context, and rendered value per field."
BM-167,BM-167__70817b325370,"Thông báo về việc trả hồ sơ, ban hành cáo trạng",0,0,0,VERIFY_ONLY,LOW,false,0,0,0,0,0,0,0,0,0,0,"Keep in verification-only track: contract validate, compile sync, DB sync, and render smoke."
BM-168,BM-168__3369df5870b2,"BB giao nhận hồ sơ vụ án, vụ việc",0,0,0,VERIFY_ONLY,LOW,false,0,0,0,0,0,0,0,0,0,0,"Keep in verification-only track: contract validate, compile sync, DB sync, and render smoke."
BM-169,BM-169__b737aefc0c16,QĐ xử lý vật chứng,3,0,3,PATH_DOMAIN_BINDING,HIGH,false,0,0,0,0,2,1,0,0,0,0,"Compare rawPattern, canonical path, renderBinding, visible DOCX context, and rendered value per field."
BM-170,BM-170__c8f50b0e9f5b,QĐ huỷ bỏ QĐ xử lý vật chứng,3,0,3,PATH_DOMAIN_BINDING,HIGH,false,0,0,0,0,2,1,0,0,0,0,"Compare rawPattern, canonical path, renderBinding, visible DOCX context, and rendered value per field."
BM-171,BM-171__46b9a8be4e01,QĐ trả lại tài sản,2,0,2,PATH_DOMAIN_BINDING,HIGH,false,0,0,0,0,1,1,0,0,0,0,"Compare rawPattern, canonical path, renderBinding, visible DOCX context, and rendered value per field."
BM-172,BM-172__e3a3eb687d2f,QĐ huỷ bỏ QĐ trả lại tài sản,5,0,5,PATH_DOMAIN_BINDING,HIGH,false,0,0,0,0,4,1,0,0,0,0,"Compare rawPattern, canonical path, renderBinding, visible DOCX context, and rendered value per field."
BM-173,BM-173__2e06ac25958d,QĐ chuyển vật chứng,3,0,3,PATH_DOMAIN_BINDING,HIGH,false,0,0,0,0,2,1,0,0,0,0,"Compare rawPattern, canonical path, renderBinding, visible DOCX context, and rendered value per field."
BM-174,BM-174__f8e45c638bb6,Yêu cầu áp dụng biện pháp điều tra tố tụng đặc biệt,14,10,4,SOURCE_POLICY,MEDIUM,false,0,0,0,0,0,0,4,0,0,10,Decide source kind and readonly/required policy; recompile and verify source-kind parity.
BM-175,BM-175__6d3f2b46283d,QĐ phê chuẩn QĐ áp dụng biện pháp điều tra tố tụng đặc biệt,4,2,2,SOURCE_POLICY,MEDIUM,false,0,0,0,0,0,0,2,0,0,2,Decide source kind and readonly/required policy; recompile and verify source-kind parity.
BM-176,BM-176__8f1b057e17a7,QĐ không phê chuẩn QĐ áp dụng biện pháp điều tra tố tụng đặc biệt,8,6,2,SOURCE_POLICY,MEDIUM,false,0,0,0,0,0,0,2,0,0,6,Decide source kind and readonly/required policy; recompile and verify source-kind parity.
BM-177,BM-177__05be0ed97398,QĐ gia hạn thời hạn áp dụng biện pháp điều tra tố tụng đặc biệt,2,1,1,SOURCE_POLICY,MEDIUM,false,0,0,0,0,0,0,1,0,0,1,Decide source kind and readonly/required policy; recompile and verify source-kind parity.
BM-178,BM-178__7f2719dcacc7,QĐ huỷ bỏ QĐ áp dụng biện pháp điều tra tố tụng đặc biệt,5,3,2,SOURCE_POLICY,MEDIUM,false,0,0,0,0,0,0,2,0,0,3,Decide source kind and readonly/required policy; recompile and verify source-kind parity.
BM-179,BM-179__186c49575a2e,QĐ áp dụng biện pháp chữa bệnh,10,8,2,SOURCE_POLICY,MEDIUM,false,0,0,0,0,0,0,2,0,0,8,Decide source kind and readonly/required policy; recompile and verify source-kind parity.
BM-180,BM-180__d608f62a685a,QĐ đình chỉ thi hành biện pháp bắt buộc chữa bệnh,12,10,2,PATH_DOMAIN_BINDING,HIGH,false,0,0,1,0,0,0,2,0,0,9,"Compare rawPattern, canonical path, renderBinding, visible DOCX context, and rendered value per field."
BM-181,BM-181__ec1d8701fc13,QĐ áp dụng thủ tục rút gọn,4,2,2,SOURCE_POLICY,MEDIUM,false,0,0,0,0,0,0,2,0,0,2,Decide source kind and readonly/required policy; recompile and verify source-kind parity.
BM-182,BM-182__95dc6d1f57ab,QĐ huỷ bỏ QĐ áp dụng thủ tục rút gọn 1,4,2,2,SOURCE_POLICY,MEDIUM,false,0,0,0,0,0,0,2,0,0,2,Decide source kind and readonly/required policy; recompile and verify source-kind parity.
BM-183,BM-183__294fc847169f,QĐ truy tố theo thủ tục rút gọn,11,9,2,PATH_DOMAIN_BINDING,HIGH,false,0,0,1,0,0,0,2,0,0,8,"Compare rawPattern, canonical path, renderBinding, visible DOCX context, and rendered value per field."
BM-184,BM-184__fb1c01087fa5,Đề nghị áp dụng biện pháp bảo vệ,14,11,3,SOURCE_POLICY,MEDIUM,false,0,0,0,0,0,0,3,0,0,11,Decide source kind and readonly/required policy; recompile and verify source-kind parity.
BM-185,BM-185__69c976088827,Yêu cầu lập Báo cáo điều tra xã hội bổ sung,7,5,2,SOURCE_POLICY,MEDIUM,false,0,0,0,0,0,0,2,0,0,5,Decide source kind and readonly/required policy; recompile and verify source-kind parity.
BM-186,BM-186__84cb2023273b,Thông báo áp dụng thủ tục xử lý chuyển hướng,20,18,2,SOURCE_POLICY,HIGH,false,0,0,0,0,0,0,2,0,0,18,Decide source kind and readonly/required policy; recompile and verify source-kind parity.
BM-187,BM-187__e47644149068,Yêu cầu NLCTXH xây dựng kế hoạch XLCH hoặc kế hoạch XLCH bổ sung,16,14,2,SOURCE_POLICY,MEDIUM,false,0,0,0,0,0,0,2,0,0,14,Decide source kind and readonly/required policy; recompile and verify source-kind parity.
BM-188,BM-188__cb14348d184c,Đề nghị Tòa án giải quyết vấn đề bồi thường thiệt hại,18,16,2,SOURCE_POLICY,MEDIUM,false,0,0,0,0,0,0,2,0,0,16,Decide source kind and readonly/required policy; recompile and verify source-kind parity.
BM-189,BM-189__70da8df0a0da,Yêu cầu CQĐT đề nghị TA xem xét áp dụng biện pháp giáo dục tại trường giáo dưỡng,16,15,1,SOURCE_POLICY,MEDIUM,false,0,0,0,0,0,0,1,0,0,15,Decide source kind and readonly/required policy; recompile and verify source-kind parity.
BM-190,BM-190__36fb96ee1a73,"Đề nghị Tòa án xem xét, quyết định áp dụng biện pháp giáo dục tại trường giáo dưỡng",19,17,2,SOURCE_POLICY,MEDIUM,false,0,0,0,0,0,0,2,0,0,17,Decide source kind and readonly/required policy; recompile and verify source-kind parity.
BM-191,BM-191__11335dc18806,Quyết định áp dụng biện pháp xử lý chuyển hướng tại cộng đồng,18,16,2,SOURCE_POLICY,MEDIUM,false,0,0,0,0,0,0,2,0,0,16,Decide source kind and readonly/required policy; recompile and verify source-kind parity.
BM-192,BM-192__42db503bed2a,Quyết định không áp dụng biện pháp xử lý chuyển hướng tại cộng đồng,17,15,2,SOURCE_POLICY,MEDIUM,false,0,0,0,0,0,0,2,0,0,15,Decide source kind and readonly/required policy; recompile and verify source-kind parity.
BM-193,BM-193__e24862458ecb,Quyết định thay đổi biện pháp xử lý chuyển hướng tại cộng đồng,16,14,2,SOURCE_POLICY,MEDIUM,false,0,0,0,0,0,0,2,0,0,14,Decide source kind and readonly/required policy; recompile and verify source-kind parity.
BM-194,BM-194__946009a4f0e0,Quyết định hủy bỏ quyết định áp dụng biện pháp xử lý chuyển hướng,4,2,2,SOURCE_POLICY,MEDIUM,false,0,0,0,0,0,0,2,0,0,2,Decide source kind and readonly/required policy; recompile and verify source-kind parity.
BM-195,BM-195__0b409423eb38,Quyết định hủy bỏ quyết định không áp dụng biện pháp xử lý chuyển hướng,4,2,2,SOURCE_POLICY,MEDIUM,false,0,0,0,0,0,0,2,0,0,2,Decide source kind and readonly/required policy; recompile and verify source-kind parity.
BM-196,BM-196__0c6aec084a26,"Quyết định mở phiên họp xem xét, áp dụng biện pháp xử lý chuyển hướng tại cộng đồng - Copy",20,18,2,SOURCE_POLICY,HIGH,false,0,0,0,0,0,0,2,0,0,18,Decide source kind and readonly/required policy; recompile and verify source-kind parity.
BM-197,BM-197__37dda9913570,"BB phiên họp xem xét, quyết định áp dụng BPXLCH tại cộng đồng",13,11,2,SOURCE_POLICY,MEDIUM,false,0,0,0,0,0,0,2,0,0,11,Decide source kind and readonly/required policy; recompile and verify source-kind parity.
BM-198,BM-198__269efb9590af,"Quyết định hoãn phiên họp xem xét, quyết định áp dụng BPXLCH tại cộng đồng - Copy - Copy",4,2,2,SOURCE_POLICY,MEDIUM,false,0,0,0,0,0,0,2,0,0,2,Decide source kind and readonly/required policy; recompile and verify source-kind parity.
BM-199,BM-199__e4724bd967ad,Kiến nghị về quyết định áp dụng BPXLCH của Tòa án - Copy,19,17,2,SOURCE_POLICY,MEDIUM,false,0,0,0,0,0,0,2,0,0,17,Decide source kind and readonly/required policy; recompile and verify source-kind parity.
BM-200,BM-200__d340f628394e,"Thông báo tiếp nhận khiếu nại, kiến nghị cân nhắc tính cần thiết",2,1,1,SOURCE_POLICY,MEDIUM,false,0,0,0,0,0,0,1,0,0,1,Decide source kind and readonly/required policy; recompile and verify source-kind parity.
BM-201,BM-201__2d0aab05928d,"Quyết định giải quyết khiếu nại, kiến nghị",17,15,2,SOURCE_POLICY,MEDIUM,false,0,0,0,0,0,0,2,0,0,15,Decide source kind and readonly/required policy; recompile and verify source-kind parity.
BM-202,BM-202__0c74f6ae9727,"Quyết định đình chỉ việc giải quyết khiếu nại, kiến nghị",5,3,2,SOURCE_POLICY,MEDIUM,false,0,0,0,0,0,0,2,0,0,3,Decide source kind and readonly/required policy; recompile and verify source-kind parity.
BM-203,BM-203__7572e687ae0f,Thông báo về hoạt động tố tụng,21,19,2,SOURCE_POLICY,HIGH,false,0,0,0,0,0,0,2,0,0,19,Decide source kind and readonly/required policy; recompile and verify source-kind parity.
BM-204,BM-204__f334b93daabe,"QĐ việc tham gia tố tụng của người đại diện, tổ chức",11,9,2,SOURCE_POLICY,MEDIUM,false,0,0,0,0,0,0,2,0,0,9,Decide source kind and readonly/required policy; recompile and verify source-kind parity.
BM-205,BM-205__e6427663d551,Thông báo áp dụng biện pháp ngăn chặn đối với NCTN,15,14,1,SOURCE_POLICY,MEDIUM,false,0,0,0,0,0,0,1,0,0,14,Decide source kind and readonly/required policy; recompile and verify source-kind parity.
BM-206,BM-206__83dd8f078d92,Quyết định áp dụng biện pháp giám sát điện tử đối với NCTN - Copy,13,13,0,EVIDENCE_REVIEW,MEDIUM,false,0,0,0,0,0,0,0,0,0,13,Strengthen evidence for auto-locked fields or downgrade to manual review.
BM-207,BM-207__34a77bfcbd63,Quyết định phê chuẩn quyết định áp dụng biện pháp giám sát điện tử đối với NCTN,14,13,1,SOURCE_POLICY,MEDIUM,false,0,0,0,0,0,0,1,0,0,13,Decide source kind and readonly/required policy; recompile and verify source-kind parity.
BM-208,BM-208__93ee4a40d673,Quyết định không phê chuẩn quyết định áp dụng biện pháp giám sát điện tử đối với NCTN,14,13,1,SOURCE_POLICY,MEDIUM,false,0,0,0,0,0,0,1,0,0,13,Decide source kind and readonly/required policy; recompile and verify source-kind parity.
BM-209,BM-209__2547ef797798,Quyết định áp dụng biện pháp giám sát bởi người đại diện,13,12,1,SOURCE_POLICY,MEDIUM,false,0,0,0,0,0,0,1,0,0,12,Decide source kind and readonly/required policy; recompile and verify source-kind parity.
BM-210,BM-210__7266a312afb8,Quyết định thay đổi người đại diện,10,10,0,EVIDENCE_REVIEW,MEDIUM,false,0,0,0,0,0,0,0,0,0,10,Strengthen evidence for auto-locked fields or downgrade to manual review.
BM-211,BM-211__ff91d4c3b4e0,Thông báo về việc thụ lý vụ án,21,19,2,SOURCE_POLICY,HIGH,false,0,0,0,0,0,0,2,0,0,19,Decide source kind and readonly/required policy; recompile and verify source-kind parity.
BM-212,BM-212__b1bab1e5a854,"Đề nghị tham gia tố tụng để hướng dẫn, hỗ trợ cho người chưa thành niên",25,23,2,SOURCE_POLICY,HIGH,false,0,0,0,0,0,0,2,0,0,23,Decide source kind and readonly/required policy; recompile and verify source-kind parity.
BM-213,BM-213__33383be18132,Yêu cầu áp dụng các biện pháp kỹ thuật để bảo vệ NCTN,5,0,5,SOURCE_POLICY,MEDIUM,false,0,0,0,0,0,2,0,3,0,0,Decide source kind and readonly/required policy; recompile and verify source-kind parity.
