BM,Title,Primary lane,Risk,Completion status,Root issues,FAIL,REVIEW,Quality state,Baseline findings,Render status,Next action
BM-001,Biên bản tiếp nhận nguồn tin về tội phạm,CONTRACT_REPAIR,HIGH,NEEDS_REMEDIATION,0,0,0,CONTRACT_REPAIR_REQUIRED,TEMPLATE_PLACEHOLDER_WITHOUT_SLOT,PASS,"Repair same-BM DOCX placeholder, slot, binding, and reviewRequired mismatches before semantic field work."
BM-002,Phiếu chuyển nguồn tin về tội phạm,CONTRACT_REPAIR,HIGH,NEEDS_REMEDIATION,0,0,0,CONTRACT_REPAIR_REQUIRED,TEMPLATE_PLACEHOLDER_WITHOUT_SLOT,PASS,"Repair same-BM DOCX placeholder, slot, binding, and reviewRequired mismatches before semantic field work."
BM-003,"QĐ phân công THQCT, KS việc tiếp nhận, giải quyết nguồn tin về tội phạm",PATH_DOMAIN_BINDING,MEDIUM,NEEDS_REMEDIATION,7,3,4,VERIFIED,,PASS,"Compare rawPattern, canonical path, slot id, binding source, and visible DOCX context for each failing field."
BM-004,"QĐ thay đổi người THQCT, KS việc giải quyết nguồn tin",PATH_DOMAIN_BINDING,MEDIUM,NEEDS_REMEDIATION,4,4,0,VERIFIED,,PASS,"Compare rawPattern, canonical path, slot id, binding source, and visible DOCX context for each failing field."
BM-005,"Yêu cầu kiểm tra, xác minh nguồn tin về tội phạm",VERIFY_ONLY,LOW,READY_FOR_FINAL_REVIEW,0,0,0,VERIFIED,,PASS,"Keep under final verification: validate, compile, render, publish, and DB sync."
BM-006,"Yêu cầu tiếp nhận, kiểm tra, xác minh, ra QĐ giải quyết nguồn tin về tội phạm",VERIFY_ONLY,LOW,READY_FOR_FINAL_REVIEW,0,0,0,VERIFIED,,PASS,"Keep under final verification: validate, compile, render, publish, and DB sync."
BM-007,Yêu cầu cung cấp tài liệu để kiểm sát việc giải quyết nguồn tin về tội phạm,SOURCE_POLICY,MEDIUM,NEEDS_REMEDIATION,1,0,1,VERIFIED,,PASS,"Review source kind, readonly, required, and compiled drift policy before changing contract metadata."
BM-008,Yêu cầu chuyển nguồn tin về tội phạm,VERIFY_ONLY,LOW,READY_FOR_FINAL_REVIEW,0,0,0,VERIFIED,,PASS,"Keep under final verification: validate, compile, render, publish, and DB sync."
BM-009,QĐ gia hạn thời hạn giải quyết nguồn tin về tội phạm,PATH_DOMAIN_BINDING,MEDIUM,NEEDS_REMEDIATION,2,0,2,VERIFIED,,PASS,"Compare rawPattern, canonical path, slot id, binding source, and visible DOCX context for each failing field."
BM-010,QĐ tạm đình chỉ giải quyết nguồn tin về tội phạm,PATH_DOMAIN_BINDING,MEDIUM,NEEDS_REMEDIATION,3,0,3,VERIFIED,,PASS,"Compare rawPattern, canonical path, slot id, binding source, and visible DOCX context for each failing field."
BM-011,QĐ huỷ bỏ QĐ tạm đình chỉ việc giải quyết nguồn tin về tội phạm,PATH_DOMAIN_BINDING,MEDIUM,NEEDS_REMEDIATION,3,0,3,VERIFIED,,PASS,"Compare rawPattern, canonical path, slot id, binding source, and visible DOCX context for each failing field."
BM-012,QĐ phục hồi giải quyết nguồn tin,VERIFY_ONLY,LOW,READY_FOR_FINAL_REVIEW,0,0,0,VERIFIED,,PASS,"Keep under final verification: validate, compile, render, publish, and DB sync."
BM-013,QĐ giải quyết tranh chấp về thẩm quyền giải quyết nguồn tin,PATH_DOMAIN_BINDING,MEDIUM,NEEDS_REMEDIATION,11,10,1,VERIFIED,,PASS,"Compare rawPattern, canonical path, slot id, binding source, and visible DOCX context for each failing field."
BM-014,"QĐ trực tiếp kiểm sát tiếp nhận, giải quyết nguồn tin về tội phạm",PATH_DOMAIN_BINDING,MEDIUM,NEEDS_REMEDIATION,4,0,4,VERIFIED,,PASS,"Compare rawPattern, canonical path, slot id, binding source, and visible DOCX context for each failing field."
BM-015,"KH trực tiếp kiểm sát việc tiếp nhận, giải quyết nguồn tin về tội phạm",VERIFY_ONLY,LOW,READY_FOR_FINAL_REVIEW,0,0,0,VERIFIED,,PASS,"Keep under final verification: validate, compile, render, publish, and DB sync."
BM-016,"KL trực tiếp kiểm sát việc tiếp nhận, giải quyết nguồn tin về tội phạm",SOURCE_POLICY,MEDIUM,NEEDS_REMEDIATION,1,0,1,VERIFIED,,PASS,"Review source kind, readonly, required, and compiled drift policy before changing contract metadata."
BM-017,Yêu cầu khởi tố vụ án hình sự,VERIFY_ONLY,LOW,READY_FOR_FINAL_REVIEW,0,0,0,VERIFIED,,PASS,"Keep under final verification: validate, compile, render, publish, and DB sync."
BM-018,Yêu cầu ra QĐ thay đổi QĐ khởi tố vụ án hình sự,SOURCE_POLICY,MEDIUM,NEEDS_REMEDIATION,1,0,1,VERIFIED,,PASS,"Review source kind, readonly, required, and compiled drift policy before changing contract metadata."
BM-019,Yêu cầu ra QĐ bổ sung QĐ khởi tố vụ án hình sự,VERIFY_ONLY,LOW,READY_FOR_FINAL_REVIEW,0,0,0,VERIFIED,,PASS,"Keep under final verification: validate, compile, render, publish, and DB sync."
BM-020,"Yêu cầu ra QĐ hủy bỏ QĐ khởi tố, QĐ không khởi tố",PATH_DOMAIN_BINDING,MEDIUM,NEEDS_REMEDIATION,2,0,2,VERIFIED,,PASS,"Compare rawPattern, canonical path, slot id, binding source, and visible DOCX context for each failing field."
BM-021,QĐ không khởi tố vụ án hình sự,PATH_DOMAIN_BINDING,MEDIUM,NEEDS_REMEDIATION,13,8,5,VERIFIED,,PASS,"Compare rawPattern, canonical path, slot id, binding source, and visible DOCX context for each failing field."
BM-022,QĐ huỷ bỏ QĐ không khởi tố vụ án hình sự,SOURCE_POLICY,MEDIUM,NEEDS_REMEDIATION,3,0,3,VERIFIED,,PASS,"Review source kind, readonly, required, and compiled drift policy before changing contract metadata."
BM-023,QĐ khởi tố vụ án hình sự,PATH_DOMAIN_BINDING,MEDIUM,NEEDS_REMEDIATION,2,0,2,VERIFIED,,PASS,"Compare rawPattern, canonical path, slot id, binding source, and visible DOCX context for each failing field."
BM-024,QĐ thay đổi QĐ khởi tố vụ án hình sự,PATH_DOMAIN_BINDING,MEDIUM,NEEDS_REMEDIATION,5,2,3,VERIFIED,,PASS,"Compare rawPattern, canonical path, slot id, binding source, and visible DOCX context for each failing field."
BM-025,QĐ bổ sung QĐ khởi tố vụ án hình sự,PATH_DOMAIN_BINDING,MEDIUM,NEEDS_REMEDIATION,5,2,3,VERIFIED,,PASS,"Compare rawPattern, canonical path, slot id, binding source, and visible DOCX context for each failing field."
BM-026,QĐ huỷ bỏ QĐ khởi tố vụ án hình sự,PATH_DOMAIN_BINDING,MEDIUM,NEEDS_REMEDIATION,4,2,2,VERIFIED,,PASS,"Compare rawPattern, canonical path, slot id, binding source, and visible DOCX context for each failing field."
BM-027,Thông báo về việc huỷ bỏ QĐ khởi tố vụ án hình sự,PATH_DOMAIN_BINDING,MEDIUM,NEEDS_REMEDIATION,8,8,0,VERIFIED,,PASS,"Compare rawPattern, canonical path, slot id, binding source, and visible DOCX context for each failing field."
BM-028,QĐ huỷ bỏ QĐ thay đổi QĐ khởi tố vụ án hình sự,PATH_DOMAIN_BINDING,MEDIUM,NEEDS_REMEDIATION,17,14,3,VERIFIED,,PASS,"Compare rawPattern, canonical path, slot id, binding source, and visible DOCX context for each failing field."
BM-029,QĐ huỷ bỏ QĐ bổ sung QĐ khởi tố vụ án hình sự,PATH_DOMAIN_BINDING,MEDIUM,NEEDS_REMEDIATION,4,4,0,VERIFIED,,PASS,"Compare rawPattern, canonical path, slot id, binding source, and visible DOCX context for each failing field."
BM-030,Thông báo kết quả giải quyết nguồn tin về tội phạm,SOURCE_POLICY,MEDIUM,NEEDS_REMEDIATION,1,0,1,VERIFIED,,PASS,"Review source kind, readonly, required, and compiled drift policy before changing contract metadata."
BM-031,QĐ phê chuẩn Lệnh bắt người bị giữ trong trường hợp khẩn cấp,PATH_DOMAIN_BINDING,MEDIUM,NEEDS_REMEDIATION,3,1,2,VERIFIED,,PASS,"Compare rawPattern, canonical path, slot id, binding source, and visible DOCX context for each failing field."
BM-032,QĐ không phê chuẩn Lệnh bắt người bị giữ trong trường hợp khẩn cấp,PATH_DOMAIN_BINDING,MEDIUM,NEEDS_REMEDIATION,5,2,3,VERIFIED,,PASS,"Compare rawPattern, canonical path, slot id, binding source, and visible DOCX context for each failing field."
BM-033,QĐ phê chuẩn QĐ gia hạn tạm giữ,PATH_DOMAIN_BINDING,MEDIUM,NEEDS_REMEDIATION,4,0,4,VERIFIED,,PASS,"Compare rawPattern, canonical path, slot id, binding source, and visible DOCX context for each failing field."
BM-034,QĐ không phê chuẩn QĐ gia hạn tạm giữ,PATH_DOMAIN_BINDING,MEDIUM,NEEDS_REMEDIATION,4,1,3,VERIFIED,,PASS,"Compare rawPattern, canonical path, slot id, binding source, and visible DOCX context for each failing field."
BM-035,"QĐ huỷ bỏ QĐ tạm giữ, quyết định gia hạn tạm giữ",SOURCE_POLICY,MEDIUM,NEEDS_REMEDIATION,2,0,2,VERIFIED,,PASS,"Review source kind, readonly, required, and compiled drift policy before changing contract metadata."
BM-036,QĐ trả tự do cho người bị tạm giữ,PATH_DOMAIN_BINDING,MEDIUM,NEEDS_REMEDIATION,14,9,5,VERIFIED,,PASS,"Compare rawPattern, canonical path, slot id, binding source, and visible DOCX context for each failing field."
BM-037,QĐ phê chuẩn Lệnh bắt bị can để tạm giam,PATH_DOMAIN_BINDING,MEDIUM,NEEDS_REMEDIATION,2,0,2,VERIFIED,,PASS,"Compare rawPattern, canonical path, slot id, binding source, and visible DOCX context for each failing field."
BM-038,QĐ không phê chuẩn Lệnh bắt bị can để tạm giam,PATH_DOMAIN_BINDING,MEDIUM,NEEDS_REMEDIATION,4,0,4,VERIFIED,,PASS,"Compare rawPattern, canonical path, slot id, binding source, and visible DOCX context for each failing field."
BM-039,Lệnh bắt bị can bị tạm giam,PATH_DOMAIN_BINDING,MEDIUM,NEEDS_REMEDIATION,4,0,4,VERIFIED,,PASS,"Compare rawPattern, canonical path, slot id, binding source, and visible DOCX context for each failing field."
BM-040,QĐ phê chuẩn Lệnh tạm giam,PATH_DOMAIN_BINDING,MEDIUM,NEEDS_REMEDIATION,2,0,2,VERIFIED,,PASS,"Compare rawPattern, canonical path, slot id, binding source, and visible DOCX context for each failing field."
BM-041,QĐ không phê chuẩn Lệnh tạm giam,PATH_DOMAIN_BINDING,MEDIUM,NEEDS_REMEDIATION,3,1,2,VERIFIED,,PASS,"Compare rawPattern, canonical path, slot id, binding source, and visible DOCX context for each failing field."
BM-042,QĐ gia hạn tạm giam,PATH_DOMAIN_BINDING,MEDIUM,NEEDS_REMEDIATION,3,0,3,VERIFIED,,PASS,"Compare rawPattern, canonical path, slot id, binding source, and visible DOCX context for each failing field."
BM-043,QĐ huỷ bỏ biện pháp tạm giam,PATH_DOMAIN_BINDING,MEDIUM,NEEDS_REMEDIATION,3,0,3,VERIFIED,,PASS,"Compare rawPattern, canonical path, slot id, binding source, and visible DOCX context for each failing field."
BM-044,QĐ thay thế biện pháp tạm giam,PATH_DOMAIN_BINDING,MEDIUM,NEEDS_REMEDIATION,5,1,4,VERIFIED,,PASS,"Compare rawPattern, canonical path, slot id, binding source, and visible DOCX context for each failing field."
BM-045,QĐ phê chuẩn QĐ về việc bảo lĩnh,PATH_DOMAIN_BINDING,MEDIUM,NEEDS_REMEDIATION,4,0,4,VERIFIED,,PASS,"Compare rawPattern, canonical path, slot id, binding source, and visible DOCX context for each failing field."
BM-046,QĐ không phê chuẩn QĐ về việc bảo lĩnh,PATH_DOMAIN_BINDING,MEDIUM,NEEDS_REMEDIATION,3,0,3,VERIFIED,,PASS,"Compare rawPattern, canonical path, slot id, binding source, and visible DOCX context for each failing field."
BM-047,QĐ về việc bảo lĩnh,PATH_DOMAIN_BINDING,MEDIUM,NEEDS_REMEDIATION,3,0,3,VERIFIED,,PASS,"Compare rawPattern, canonical path, slot id, binding source, and visible DOCX context for each failing field."
BM-048,QĐ huỷ bỏ biện pháp bảo lĩnh,PATH_DOMAIN_BINDING,MEDIUM,NEEDS_REMEDIATION,12,12,0,VERIFIED,,PASS,"Compare rawPattern, canonical path, slot id, binding source, and visible DOCX context for each failing field."
BM-049,QĐ phê chuẩn QĐ về việc đặt tiền để bảo đảm,PATH_DOMAIN_BINDING,MEDIUM,NEEDS_REMEDIATION,2,2,0,VERIFIED,,PASS,"Compare rawPattern, canonical path, slot id, binding source, and visible DOCX context for each failing field."
BM-050,QĐ không phê chuẩn QĐ về việc đặt tiền để bảo đảm,PATH_DOMAIN_BINDING,MEDIUM,NEEDS_REMEDIATION,4,4,0,VERIFIED,,PASS,"Compare rawPattern, canonical path, slot id, binding source, and visible DOCX context for each failing field."
BM-051,QĐ về việc đặt tiền để bảo đảm,CONTRACT_REPAIR,HIGH,NEEDS_REMEDIATION,2,0,2,CONTRACT_REPAIR_REQUIRED,REVIEW_REQUIRED_REMAINS,PASS,"Repair same-BM DOCX placeholder, slot, binding, and reviewRequired mismatches before semantic field work."
BM-052,QĐ huỷ bỏ biện pháp đặt tiền để bảo đảm,LEGAL_REVIEW,HIGH,BLOCKED_BY_HUMAN_DOCX_REVIEW,6,2,4,CONTRACT_REPAIR_REQUIRED,EXTRACTION_HASH_MISMATCH; TEMPLATE_PLACEHOLDER_WITHOUT_SLOT; CONTRACT_SLOT_WITHOUT_TEMPLATE_PLACEHOLDER; BINDING_WITHOUT_TEMPLATE_PLACEHOLDER; REVIEW_REQUIRED_REMAINS,PASS,BLOCKED: Human DOCX/legal review required for 3x recipients.personLine6.
BM-053,Lệnh cấm đi khỏi nơi cư trú,PATH_DOMAIN_BINDING,MEDIUM,NEEDS_REMEDIATION,2,0,2,VERIFIED,,PASS,"Compare rawPattern, canonical path, slot id, binding source, and visible DOCX context for each failing field."
BM-054,Thông báo về việc áp dụng biện pháp cấm đi khỏi nơi cư trú,SOURCE_POLICY,MEDIUM,NEEDS_REMEDIATION,2,0,2,VERIFIED,,PASS,"Review source kind, readonly, required, and compiled drift policy before changing contract metadata."
BM-055,QĐ huỷ bỏ biện pháp cấm đi khỏi nơi cư trú,PATH_DOMAIN_BINDING,MEDIUM,NEEDS_REMEDIATION,3,0,3,VERIFIED,,PASS,"Compare rawPattern, canonical path, slot id, binding source, and visible DOCX context for each failing field."
BM-056,QĐ tạm hoãn xuất cảnh,PATH_DOMAIN_BINDING,MEDIUM,NEEDS_REMEDIATION,2,1,1,VERIFIED,,PASS,"Compare rawPattern, canonical path, slot id, binding source, and visible DOCX context for each failing field."
BM-057,QĐ huỷ bỏ biện pháp tạm hoãn xuất cảnh,PATH_DOMAIN_BINDING,MEDIUM,NEEDS_REMEDIATION,1,0,1,VERIFIED,,PASS,"Compare rawPattern, canonical path, slot id, binding source, and visible DOCX context for each failing field."
BM-058,Lệnh tạm giam,SOURCE_POLICY,MEDIUM,NEEDS_REMEDIATION,9,0,9,VERIFIED,,PASS,"Review source kind, readonly, required, and compiled drift policy before changing contract metadata."
BM-059,QĐ gia hạn thời hạn tạm giam để truy tố 1,PATH_DOMAIN_BINDING,MEDIUM,NEEDS_REMEDIATION,4,1,3,VERIFIED,,PASS,"Compare rawPattern, canonical path, slot id, binding source, and visible DOCX context for each failing field."
BM-060,QĐ áp giải bị can,CONTRACT_REPAIR,HIGH,NEEDS_REMEDIATION,1,0,1,CONTRACT_REPAIR_REQUIRED,REVIEW_REQUIRED_REMAINS,PASS,"Repair same-BM DOCX placeholder, slot, binding, and reviewRequired mismatches before semantic field work."
BM-061,QĐ dẫn giải,CONTRACT_REPAIR,HIGH,NEEDS_REMEDIATION,1,0,1,CONTRACT_REPAIR_REQUIRED,REVIEW_REQUIRED_REMAINS,PASS,"Repair same-BM DOCX placeholder, slot, binding, and reviewRequired mismatches before semantic field work."
BM-062,Lệnh kê biên tài sản,LEGAL_REVIEW,HIGH,BLOCKED_BY_HUMAN_DOCX_REVIEW,4,2,2,CONTRACT_REPAIR_REQUIRED,TEMPLATE_PLACEHOLDER_WITHOUT_SLOT; REVIEW_REQUIRED_REMAINS,PASS,"BLOCKED: Human DOCX/legal review required for 11x decision.decisionLine11, 4x recipients.personLine5."
BM-063,Biên bản kê biên tài sản,LEGAL_REVIEW,HIGH,BLOCKED_BY_HUMAN_DOCX_REVIEW,4,2,2,CONTRACT_REPAIR_REQUIRED,TEMPLATE_PLACEHOLDER_WITHOUT_SLOT; CONTRACT_SLOT_WITHOUT_TEMPLATE_PLACEHOLDER; BINDING_WITHOUT_TEMPLATE_PLACEHOLDER; REVIEW_REQUIRED_REMAINS,FAIL,"BLOCKED: Human DOCX/legal review required for 8x document.fullDocumentCode8, 5x recipients.personLine5."
BM-064,QĐ huỷ bỏ biện pháp kê biên tài sản,CONTRACT_REPAIR,HIGH,NEEDS_REMEDIATION,2,0,2,CONTRACT_REPAIR_REQUIRED,TEMPLATE_PLACEHOLDER_WITHOUT_SLOT; REVIEW_REQUIRED_REMAINS,PASS,"Repair same-BM DOCX placeholder, slot, binding, and reviewRequired mismatches before semantic field work."
BM-065,BB về việc thi hành Quyết định hủy bỏ Lệnh kê biên tài sản,CONTRACT_REPAIR,HIGH,NEEDS_REMEDIATION,4,2,2,CONTRACT_REPAIR_REQUIRED,CONTRACT_SLOT_WITHOUT_TEMPLATE_PLACEHOLDER; BINDING_WITHOUT_TEMPLATE_PLACEHOLDER; REVIEW_REQUIRED_REMAINS,PASS,"Repair same-BM DOCX placeholder, slot, binding, and reviewRequired mismatches before semantic field work."
BM-066,Lệnh phong toả tài khoản,LEGAL_REVIEW,HIGH,BLOCKED_BY_HUMAN_DOCX_REVIEW,4,2,2,CONTRACT_REPAIR_REQUIRED,TEMPLATE_PLACEHOLDER_WITHOUT_SLOT; REVIEW_REQUIRED_REMAINS,FAIL,"BLOCKED: Human DOCX/legal review required for 4x recipients.personLine4, 4x document.fullDocumentCode4."
BM-067,Biên bản phong tỏa tài khoản,CONTRACT_REPAIR,HIGH,NEEDS_REMEDIATION,3,2,1,CONTRACT_REPAIR_REQUIRED,CONTRACT_SLOT_WITHOUT_TEMPLATE_PLACEHOLDER; BINDING_WITHOUT_TEMPLATE_PLACEHOLDER; REVIEW_REQUIRED_REMAINS,PASS,"Repair same-BM DOCX placeholder, slot, binding, and reviewRequired mismatches before semantic field work."
BM-068,QĐ huỷ bỏ biện pháp phong toả tài khoản,CONTRACT_REPAIR,HIGH,NEEDS_REMEDIATION,4,0,4,CONTRACT_REPAIR_REQUIRED,REVIEW_REQUIRED_REMAINS,PASS,"Repair same-BM DOCX placeholder, slot, binding, and reviewRequired mismatches before semantic field work."
BM-069,BB về việc hủy bỏ biện pháp phong tỏa tài khoản,LEGAL_REVIEW,HIGH,BLOCKED_BY_HUMAN_DOCX_REVIEW,24,15,9,CONTRACT_REPAIR_REQUIRED,REVIEW_REQUIRED_REMAINS,PASS,"BLOCKED: Human DOCX/legal review required for 8x BM-069.contractRepairIssueGroups, 12x BM-069.reviewRequiredFields."
BM-070,"QĐ phân công PVT THQCT, KS việc giải quyết VAHS",PATH_DOMAIN_BINDING,MEDIUM,NEEDS_REMEDIATION,5,0,5,VERIFIED,,PASS,"Compare rawPattern, canonical path, slot id, binding source, and visible DOCX context for each failing field."
BM-071,"QĐ phân công KSV, KTV THQCT, KS việc giải quyết VAHS",PATH_DOMAIN_BINDING,MEDIUM,NEEDS_REMEDIATION,5,0,5,VERIFIED,,PASS,"Compare rawPattern, canonical path, slot id, binding source, and visible DOCX context for each failing field."
BM-072,"QĐ thay đổi VT, PVT, KSV, KTV THQCT, KS việc giải quyết vụ án hình sự",PATH_DOMAIN_BINDING,MEDIUM,NEEDS_REMEDIATION,4,4,0,VERIFIED,,PASS,"Compare rawPattern, canonical path, slot id, binding source, and visible DOCX context for each failing field."
BM-073,"Yêu cầu thay đổi Thủ trưởng, PTT, ĐTV cơ quan có thẩm quyền điều tra",CONTRACT_REPAIR,HIGH,NEEDS_REMEDIATION,0,0,0,CONTRACT_REPAIR_REQUIRED,TEMPLATE_PLACEHOLDER_WITHOUT_SLOT,PASS,"Repair same-BM DOCX placeholder, slot, binding, and reviewRequired mismatches before semantic field work."
BM-074,"Yêu cầu cử người phiên dịch, người dịch thuật",PATH_DOMAIN_BINDING,MEDIUM,NEEDS_REMEDIATION,6,6,0,VERIFIED,,PASS,"Compare rawPattern, canonical path, slot id, binding source, and visible DOCX context for each failing field."
BM-075,"Đề nghị thay đổi người phiên dịch, người dịch thuật",CONTRACT_REPAIR,HIGH,NEEDS_REMEDIATION,5,3,2,CONTRACT_REPAIR_REQUIRED,REVIEW_REQUIRED_REMAINS,PASS,"Repair same-BM DOCX placeholder, slot, binding, and reviewRequired mismatches before semantic field work."
BM-076,"QĐ thay đổi người phiên dịch, người dịch thuật",PATH_DOMAIN_BINDING,MEDIUM,NEEDS_REMEDIATION,9,8,1,VERIFIED,,PASS,"Compare rawPattern, canonical path, slot id, binding source, and visible DOCX context for each failing field."
BM-077,"Yêu cầu, đề nghị cử người bào chữa",CONTRACT_REPAIR,HIGH,NEEDS_REMEDIATION,5,3,2,CONTRACT_REPAIR_REQUIRED,REVIEW_REQUIRED_REMAINS,PASS,"Repair same-BM DOCX placeholder, slot, binding, and reviewRequired mismatches before semantic field work."
BM-078,Thông báo người bào chữa,PATH_DOMAIN_BINDING,MEDIUM,NEEDS_REMEDIATION,6,6,0,VERIFIED,,PASS,"Compare rawPattern, canonical path, slot id, binding source, and visible DOCX context for each failing field."
BM-079,Thông báo huỷ bỏ việc đăng ký bào chữa,VERIFY_ONLY,LOW,READY_FOR_FINAL_REVIEW,0,0,0,VERIFIED,,PASS,"Keep under final verification: validate, compile, render, publish, and DB sync."
BM-080,Thông báo từ chối việc đăng ký bào chữa,CONTRACT_REPAIR,HIGH,NEEDS_REMEDIATION,2,0,2,CONTRACT_REPAIR_REQUIRED,TEMPLATE_PLACEHOLDER_WITHOUT_SLOT; REVIEW_REQUIRED_REMAINS,PASS,"Repair same-BM DOCX placeholder, slot, binding, and reviewRequired mismatches before semantic field work."
BM-081,QĐ thời điểm người bào chữa tham gia tố tụng,PATH_DOMAIN_BINDING,MEDIUM,NEEDS_REMEDIATION,4,4,0,VERIFIED,,PASS,"Compare rawPattern, canonical path, slot id, binding source, and visible DOCX context for each failing field."
BM-082,"Thông báo về thời gian, địa điểm tiến hành tố tụng cho người bào chữa",CONTRACT_REPAIR,HIGH,NEEDS_REMEDIATION,5,3,2,CONTRACT_REPAIR_REQUIRED,REVIEW_REQUIRED_REMAINS,PASS,"Repair same-BM DOCX placeholder, slot, binding, and reviewRequired mismatches before semantic field work."
BM-083,"Yêu cầu thay đổi người giám định, người định giá tài sản",PATH_DOMAIN_BINDING,MEDIUM,NEEDS_REMEDIATION,6,6,0,VERIFIED,,PASS,"Compare rawPattern, canonical path, slot id, binding source, and visible DOCX context for each failing field."
BM-084,"QĐ thay đổi người giám định, người định giá tài sản",PATH_DOMAIN_BINDING,MEDIUM,NEEDS_REMEDIATION,4,4,0,VERIFIED,,PASS,"Compare rawPattern, canonical path, slot id, binding source, and visible DOCX context for each failing field."
BM-085,QĐ chuyển vụ án hình sự để điều tra theo thẩm quyền,PATH_DOMAIN_BINDING,MEDIUM,NEEDS_REMEDIATION,2,0,2,VERIFIED,,PASS,"Compare rawPattern, canonical path, slot id, binding source, and visible DOCX context for each failing field."
BM-086,"QĐ chuyển việc thực hiện thẩm quyền thực hành quyền công tố, kiểm sát giải quyết nguồn tin, khởi tố điều tra",SOURCE_POLICY,MEDIUM,NEEDS_REMEDIATION,1,0,1,VERIFIED,,PASS,"Review source kind, readonly, required, and compiled drift policy before changing contract metadata."
BM-087,Yêu cầu điều tra,PATH_DOMAIN_BINDING,MEDIUM,NEEDS_REMEDIATION,12,12,0,VERIFIED,,PASS,"Compare rawPattern, canonical path, slot id, binding source, and visible DOCX context for each failing field."
BM-088,QĐ huỷ bỏ QĐ nhập vụ án hình sự,PATH_DOMAIN_BINDING,MEDIUM,NEEDS_REMEDIATION,4,4,0,VERIFIED,,PASS,"Compare rawPattern, canonical path, slot id, binding source, and visible DOCX context for each failing field."
BM-089,QĐ huỷ bỏ QĐ tách vụ án hình sự,VERIFY_ONLY,LOW,READY_FOR_FINAL_REVIEW,0,0,0,VERIFIED,,PASS,"Keep under final verification: validate, compile, render, publish, and DB sync."
BM-090,QĐ phê chuẩn QĐ khởi tố bị can,PATH_DOMAIN_BINDING,MEDIUM,NEEDS_REMEDIATION,3,0,3,VERIFIED,,PASS,"Compare rawPattern, canonical path, slot id, binding source, and visible DOCX context for each failing field."
BM-091,QĐ phê chuẩn QĐ thay đổi QĐ khởi tố bị can,PATH_DOMAIN_BINDING,MEDIUM,NEEDS_REMEDIATION,4,4,0,VERIFIED,,PASS,"Compare rawPattern, canonical path, slot id, binding source, and visible DOCX context for each failing field."
BM-092,QĐ phê chuẩn QĐ bổ sung QĐ khởi tố bị can,PATH_DOMAIN_BINDING,MEDIUM,NEEDS_REMEDIATION,6,6,0,VERIFIED,,PASS,"Compare rawPattern, canonical path, slot id, binding source, and visible DOCX context for each failing field."
BM-093,QĐ huỷ bỏ QĐ thay đổi QĐ khởi tố bị can,PATH_DOMAIN_BINDING,MEDIUM,NEEDS_REMEDIATION,6,6,0,VERIFIED,,PASS,"Compare rawPattern, canonical path, slot id, binding source, and visible DOCX context for each failing field."
BM-094,QĐ huỷ bỏ QĐ bổ sung QĐ khởi tố bị can,PATH_DOMAIN_BINDING,MEDIUM,NEEDS_REMEDIATION,8,8,0,VERIFIED,,PASS,"Compare rawPattern, canonical path, slot id, binding source, and visible DOCX context for each failing field."
BM-095,QĐ huỷ bỏ QĐ huỷ bỏ QĐ khởi tố bị can,PATH_DOMAIN_BINDING,MEDIUM,NEEDS_REMEDIATION,7,6,1,VERIFIED,,PASS,"Compare rawPattern, canonical path, slot id, binding source, and visible DOCX context for each failing field."
BM-096,Yêu cầu ra QĐ khởi tố bị can,LEGAL_REVIEW,HIGH,BLOCKED_BY_HUMAN_DOCX_REVIEW,31,30,1,VERIFIED,,PASS,"BLOCKED: Human DOCX/legal review required for 15x BM-096.pathDomainGenericFields, 1x person.idNumber.required."
BM-097,QĐ khởi tố bị can,PATH_DOMAIN_BINDING,MEDIUM,NEEDS_REMEDIATION,3,0,3,VERIFIED,,PASS,"Compare rawPattern, canonical path, slot id, binding source, and visible DOCX context for each failing field."
BM-098,Yêu cầu ra QĐ thay đổi quyết định khởi tố bị can,PATH_DOMAIN_BINDING,MEDIUM,NEEDS_REMEDIATION,4,4,0,VERIFIED,,PASS,"Compare rawPattern, canonical path, slot id, binding source, and visible DOCX context for each failing field."
BM-099,QĐ thay đổi QĐ khởi tố bị can,PATH_DOMAIN_BINDING,MEDIUM,NEEDS_REMEDIATION,2,2,0,VERIFIED,,PASS,"Compare rawPattern, canonical path, slot id, binding source, and visible DOCX context for each failing field."
BM-100,Yêu cầu ra QĐ bổ sung QĐ khởi tố bị can,PATH_DOMAIN_BINDING,MEDIUM,NEEDS_REMEDIATION,4,4,0,VERIFIED,,PASS,"Compare rawPattern, canonical path, slot id, binding source, and visible DOCX context for each failing field."
BM-101,QĐ bổ sung QĐ khởi tố bị can,PATH_DOMAIN_BINDING,MEDIUM,NEEDS_REMEDIATION,8,8,0,VERIFIED,,PASS,"Compare rawPattern, canonical path, slot id, binding source, and visible DOCX context for each failing field."
BM-102,QĐ huỷ bỏ QĐ khởi tố bị can,PATH_DOMAIN_BINDING,MEDIUM,NEEDS_REMEDIATION,8,8,0,VERIFIED,,PASS,"Compare rawPattern, canonical path, slot id, binding source, and visible DOCX context for each failing field."
BM-103,Đề nghị gia hạn thời hạn điều tra,SOURCE_POLICY,MEDIUM,NEEDS_REMEDIATION,1,0,1,VERIFIED,,PASS,"Review source kind, readonly, required, and compiled drift policy before changing contract metadata."
BM-104,quyết định gia hạn thời hạn điều tra VAHS,PATH_DOMAIN_BINDING,MEDIUM,NEEDS_REMEDIATION,3,0,3,VERIFIED,,PASS,"Compare rawPattern, canonical path, slot id, binding source, and visible DOCX context for each failing field."
BM-105,QĐ không gia hạn thời hạn điều tra VAHS,PATH_DOMAIN_BINDING,MEDIUM,NEEDS_REMEDIATION,6,6,0,VERIFIED,,PASS,"Compare rawPattern, canonical path, slot id, binding source, and visible DOCX context for each failing field."
BM-106,Yêu cầu truy nã bị can,PATH_DOMAIN_BINDING,MEDIUM,NEEDS_REMEDIATION,18,18,0,VERIFIED,,PASS,"Compare rawPattern, canonical path, slot id, binding source, and visible DOCX context for each failing field."
BM-107,QĐ huỷ bỏ QĐ tạm đình chỉ điều tra VAHS,PATH_DOMAIN_BINDING,MEDIUM,NEEDS_REMEDIATION,4,4,0,VERIFIED,,PASS,"Compare rawPattern, canonical path, slot id, binding source, and visible DOCX context for each failing field."
BM-108,QĐ huỷ bỏ QĐ tạm đình chỉ điều tra bị can,PATH_DOMAIN_BINDING,MEDIUM,NEEDS_REMEDIATION,8,8,0,VERIFIED,,PASS,"Compare rawPattern, canonical path, slot id, binding source, and visible DOCX context for each failing field."
BM-109,QĐ huỷ bỏ QĐ tạm đình chỉ điều tra VAHS đối với bị can,PATH_DOMAIN_BINDING,MEDIUM,NEEDS_REMEDIATION,8,8,0,VERIFIED,,PASS,"Compare rawPattern, canonical path, slot id, binding source, and visible DOCX context for each failing field."
BM-110,QĐ huỷ bỏ QĐ đình chỉ điều tra VAHS,PATH_DOMAIN_BINDING,MEDIUM,NEEDS_REMEDIATION,4,4,0,VERIFIED,,PASS,"Compare rawPattern, canonical path, slot id, binding source, and visible DOCX context for each failing field."
BM-111,QĐ huỷ bỏ QĐ đình chỉ điều tra bị can,PATH_DOMAIN_BINDING,MEDIUM,NEEDS_REMEDIATION,6,6,0,VERIFIED,,PASS,"Compare rawPattern, canonical path, slot id, binding source, and visible DOCX context for each failing field."
BM-112,QĐ huỷ bỏ QĐ đình chỉ điều tra VAHS đối với bị can,PATH_DOMAIN_BINDING,MEDIUM,NEEDS_REMEDIATION,8,8,0,VERIFIED,,PASS,"Compare rawPattern, canonical path, slot id, binding source, and visible DOCX context for each failing field."
BM-113,Yêu cầu phục hồi điều tra VAHS,PATH_DOMAIN_BINDING,MEDIUM,NEEDS_REMEDIATION,8,8,0,VERIFIED,,PASS,"Compare rawPattern, canonical path, slot id, binding source, and visible DOCX context for each failing field."
BM-114,Yêu cầu phục hồi điều tra bị can,PATH_DOMAIN_BINDING,MEDIUM,NEEDS_REMEDIATION,10,10,0,VERIFIED,,PASS,"Compare rawPattern, canonical path, slot id, binding source, and visible DOCX context for each failing field."
BM-115,Yêu cầu phục hồi điều tra VAHS đối với bị can,PATH_DOMAIN_BINDING,MEDIUM,NEEDS_REMEDIATION,10,10,0,VERIFIED,,PASS,"Compare rawPattern, canonical path, slot id, binding source, and visible DOCX context for each failing field."
BM-116,QĐ phục hồi điều tra vụ án hình sự,PATH_DOMAIN_BINDING,MEDIUM,NEEDS_REMEDIATION,6,6,0,VERIFIED,,PASS,"Compare rawPattern, canonical path, slot id, binding source, and visible DOCX context for each failing field."
BM-117,QĐ phục hồi điều tra bị can,LEGAL_REVIEW,HIGH,BLOCKED_BY_HUMAN_DOCX_REVIEW,21,20,1,VERIFIED,,PASS,BLOCKED: Human DOCX/legal review required for 10x BM-117.pathDomainGenericFields.
BM-118,QĐ phục hồi điều tra VA đối với bị can,LEGAL_REVIEW,HIGH,BLOCKED_BY_HUMAN_DOCX_REVIEW,21,20,1,VERIFIED,,PASS,BLOCKED: Human DOCX/legal review required for 10x BM-118.pathDomainGenericFields.
BM-119,QĐ phê chuẩn Lệnh khám xét,PATH_DOMAIN_BINDING,MEDIUM,NEEDS_REMEDIATION,8,8,0,VERIFIED,,PASS,"Compare rawPattern, canonical path, slot id, binding source, and visible DOCX context for each failing field."
BM-120,QĐ không phê chuẩn Lệnh khám xét,PATH_DOMAIN_BINDING,MEDIUM,NEEDS_REMEDIATION,6,6,0,VERIFIED,,PASS,"Compare rawPattern, canonical path, slot id, binding source, and visible DOCX context for each failing field."
BM-121,"QĐ phê chuẩn Lệnh thu giữ thư tín, điện tín, bưu kiện, bưu phẩm",PATH_DOMAIN_BINDING,MEDIUM,NEEDS_REMEDIATION,4,4,0,VERIFIED,,PASS,"Compare rawPattern, canonical path, slot id, binding source, and visible DOCX context for each failing field."
BM-122,"QĐ không phê chuẩn Lệnh thu giữ thư tín, điện tín, bưu kiện, bưu phẩm",PATH_DOMAIN_BINDING,MEDIUM,NEEDS_REMEDIATION,2,2,0,VERIFIED,,PASS,"Compare rawPattern, canonical path, slot id, binding source, and visible DOCX context for each failing field."
BM-123,QĐ thực nghiệm điều tra,PATH_DOMAIN_BINDING,MEDIUM,NEEDS_REMEDIATION,2,2,0,VERIFIED,,PASS,"Compare rawPattern, canonical path, slot id, binding source, and visible DOCX context for each failing field."
BM-124,Biên bản thực nghiệm điều tra,VERIFY_ONLY,LOW,READY_FOR_FINAL_REVIEW,0,0,0,VERIFIED,,PASS,"Keep under final verification: validate, compile, render, publish, and DB sync."
BM-125,"Thông báo về việc không chấp nhận đề nghị trưng cầu giám định, định giá tài sản",PATH_DOMAIN_BINDING,MEDIUM,NEEDS_REMEDIATION,8,8,0,VERIFIED,,PASS,"Compare rawPattern, canonical path, slot id, binding source, and visible DOCX context for each failing field."
BM-126,QĐ trưng cầu giám định,PATH_DOMAIN_BINDING,HIGH,NEEDS_REMEDIATION,20,18,2,VERIFIED,,PASS,"Compare rawPattern, canonical path, slot id, binding source, and visible DOCX context for each failing field."
BM-127,Yêu cầu định giá tài sản,PATH_DOMAIN_BINDING,MEDIUM,NEEDS_REMEDIATION,12,12,0,VERIFIED,,PASS,"Compare rawPattern, canonical path, slot id, binding source, and visible DOCX context for each failing field."
BM-128,"Thông báo nội dung kết luận giám định, định giá tài sản",PATH_DOMAIN_BINDING,MEDIUM,NEEDS_REMEDIATION,11,10,1,VERIFIED,,PASS,"Compare rawPattern, canonical path, slot id, binding source, and visible DOCX context for each failing field."
BM-129,QĐ trưng cầu giám định bổ sung,PATH_DOMAIN_BINDING,MEDIUM,NEEDS_REMEDIATION,12,12,0,VERIFIED,,PASS,"Compare rawPattern, canonical path, slot id, binding source, and visible DOCX context for each failing field."
BM-130,QĐ trưng cầu giám định lại,PATH_DOMAIN_BINDING,MEDIUM,NEEDS_REMEDIATION,13,12,1,VERIFIED,,PASS,"Compare rawPattern, canonical path, slot id, binding source, and visible DOCX context for each failing field."
BM-131,Yêu cầu định giá lại tài sản,PATH_DOMAIN_BINDING,MEDIUM,NEEDS_REMEDIATION,10,10,0,VERIFIED,,PASS,"Compare rawPattern, canonical path, slot id, binding source, and visible DOCX context for each failing field."
BM-132,QĐ định giá lại tài sản trong trường hợp đặc biệt,PATH_DOMAIN_BINDING,MEDIUM,NEEDS_REMEDIATION,7,6,1,VERIFIED,,PASS,"Compare rawPattern, canonical path, slot id, binding source, and visible DOCX context for each failing field."
BM-133,QĐ giám định lại trong trường hợp đặc biệt,PATH_DOMAIN_BINDING,MEDIUM,NEEDS_REMEDIATION,12,10,2,VERIFIED,,PASS,"Compare rawPattern, canonical path, slot id, binding source, and visible DOCX context for each failing field."
BM-134,BB ghi lời khai,PATH_DOMAIN_BINDING,MEDIUM,NEEDS_REMEDIATION,14,14,0,VERIFIED,,PASS,"Compare rawPattern, canonical path, slot id, binding source, and visible DOCX context for each failing field."
BM-135,BB hỏi cung bị can,PATH_DOMAIN_BINDING,MEDIUM,NEEDS_REMEDIATION,14,14,0,VERIFIED,,PASS,"Compare rawPattern, canonical path, slot id, binding source, and visible DOCX context for each failing field."
BM-136,BB đối chất,LEGAL_REVIEW,HIGH,BLOCKED_BY_HUMAN_DOCX_REVIEW,28,28,0,VERIFIED,,PASS,BLOCKED: Human DOCX/legal review required for 14x BM-136.pathDomainGenericFields.
BM-137,Biên bản xác minh-làm việc,PATH_DOMAIN_BINDING,MEDIUM,NEEDS_REMEDIATION,10,10,0,VERIFIED,,PASS,"Compare rawPattern, canonical path, slot id, binding source, and visible DOCX context for each failing field."
BM-138,"Yêu cầu cung cấp tài liệu liên quan đến hành vi, QĐ tố tụng có vi phạm pháp luật trong điều tra",PATH_DOMAIN_BINDING,MEDIUM,NEEDS_REMEDIATION,12,12,0,VERIFIED,,PASS,"Compare rawPattern, canonical path, slot id, binding source, and visible DOCX context for each failing field."
BM-139,"Kiến nghị khắc phục vi phạm trong hoạt động khởi tố, điều tra",SOURCE_POLICY,MEDIUM,NEEDS_REMEDIATION,4,3,1,VERIFIED,,PASS,"Review source kind, readonly, required, and compiled drift policy before changing contract metadata."
BM-140,Kiến nghị áp dụng biện pháp phòng ngừa tội phạm và vi phạm pháp luật,PATH_DOMAIN_BINDING,MEDIUM,NEEDS_REMEDIATION,8,8,0,VERIFIED,,PASS,"Compare rawPattern, canonical path, slot id, binding source, and visible DOCX context for each failing field."
BM-141,QĐ chuyển vụ án để truy tố,VERIFY_ONLY,LOW,READY_FOR_FINAL_REVIEW,0,0,0,VERIFIED,,PASS,"Keep under final verification: validate, compile, render, publish, and DB sync."
BM-142,Quyết định nhập vụ án hình sự trong giai đoạn truy tố,PATH_DOMAIN_BINDING,MEDIUM,NEEDS_REMEDIATION,8,8,0,VERIFIED,,PASS,"Compare rawPattern, canonical path, slot id, binding source, and visible DOCX context for each failing field."
BM-143,Quyết định tách vụ án hình sự trong giai đoạn truy tố,PATH_DOMAIN_BINDING,MEDIUM,NEEDS_REMEDIATION,4,4,0,VERIFIED,,PASS,"Compare rawPattern, canonical path, slot id, binding source, and visible DOCX context for each failing field."
BM-144,QĐ gia hạn thời hạn QĐ việc truy tố,VERIFY_ONLY,LOW,READY_FOR_FINAL_REVIEW,0,0,0,VERIFIED,,PASS,"Keep under final verification: validate, compile, render, publish, and DB sync."
BM-145,QĐ trả hồ sơ vụ án để điều tra bổ sung,PATH_DOMAIN_BINDING,MEDIUM,NEEDS_REMEDIATION,3,0,3,VERIFIED,,PASS,"Compare rawPattern, canonical path, slot id, binding source, and visible DOCX context for each failing field."
BM-146,QĐ tạm đình chỉ vụ án,PATH_DOMAIN_BINDING,MEDIUM,NEEDS_REMEDIATION,4,0,4,VERIFIED,,PASS,"Compare rawPattern, canonical path, slot id, binding source, and visible DOCX context for each failing field."
BM-147,QĐ huỷ bỏ QĐ tạm đình chỉ vụ án,PATH_DOMAIN_BINDING,MEDIUM,NEEDS_REMEDIATION,6,6,0,VERIFIED,,PASS,"Compare rawPattern, canonical path, slot id, binding source, and visible DOCX context for each failing field."
BM-148,QĐ tạm đình chỉ vụ án đối với bị can,PATH_DOMAIN_BINDING,MEDIUM,NEEDS_REMEDIATION,4,0,4,VERIFIED,,PASS,"Compare rawPattern, canonical path, slot id, binding source, and visible DOCX context for each failing field."
BM-149,QĐ huỷ bỏ QĐ tạm đình chỉ vụ án đối với bị can,PATH_DOMAIN_BINDING,MEDIUM,NEEDS_REMEDIATION,10,10,0,VERIFIED,,PASS,"Compare rawPattern, canonical path, slot id, binding source, and visible DOCX context for each failing field."
BM-150,QĐ đình chỉ vụ án,PATH_DOMAIN_BINDING,MEDIUM,NEEDS_REMEDIATION,4,0,4,VERIFIED,,PASS,"Compare rawPattern, canonical path, slot id, binding source, and visible DOCX context for each failing field."
BM-151,QĐ huỷ bỏ QĐ đình chỉ vụ án,PATH_DOMAIN_BINDING,MEDIUM,NEEDS_REMEDIATION,4,4,0,VERIFIED,,PASS,"Compare rawPattern, canonical path, slot id, binding source, and visible DOCX context for each failing field."
BM-152,QĐ đình chỉ vụ án đối với bị can,PATH_DOMAIN_BINDING,MEDIUM,NEEDS_REMEDIATION,14,14,0,VERIFIED,,PASS,"Compare rawPattern, canonical path, slot id, binding source, and visible DOCX context for each failing field."
BM-153,QĐ huỷ bỏ QĐ đình chỉ vụ án đối với bị can,PATH_DOMAIN_BINDING,MEDIUM,NEEDS_REMEDIATION,9,8,1,VERIFIED,,PASS,"Compare rawPattern, canonical path, slot id, binding source, and visible DOCX context for each failing field."
BM-154,QĐ phục hồi vụ án,PATH_DOMAIN_BINDING,MEDIUM,NEEDS_REMEDIATION,11,10,1,VERIFIED,,PASS,"Compare rawPattern, canonical path, slot id, binding source, and visible DOCX context for each failing field."
BM-155,QĐ phục hồi vụ án đối với bị can,LEGAL_REVIEW,HIGH,BLOCKED_BY_HUMAN_DOCX_REVIEW,29,28,1,VERIFIED,,PASS,BLOCKED: Human DOCX/legal review required for 13x BM-155.pathDomainGenericFields.
BM-156,Cáo trạng,SOURCE_POLICY,MEDIUM,NEEDS_REMEDIATION,1,0,1,VERIFIED,,PASS,"Review source kind, readonly, required, and compiled drift policy before changing contract metadata."
BM-157,Bản kê vật chứng kèm theo Cáo trạng,PATH_DOMAIN_BINDING,MEDIUM,NEEDS_REMEDIATION,2,2,0,VERIFIED,,PASS,"Compare rawPattern, canonical path, slot id, binding source, and visible DOCX context for each failing field."
BM-158,Danh sách đề nghị triệu tập đến phiên tòa,PATH_DOMAIN_BINDING,MEDIUM,NEEDS_REMEDIATION,4,4,0,VERIFIED,,PASS,"Compare rawPattern, canonical path, slot id, binding source, and visible DOCX context for each failing field."
BM-159,"QĐ phân công VKS cấp dưới THQCT, KS xét xử VAHS",PATH_DOMAIN_BINDING,MEDIUM,NEEDS_REMEDIATION,2,0,2,VERIFIED,,PASS,"Compare rawPattern, canonical path, slot id, binding source, and visible DOCX context for each failing field."
BM-160,Biên bản niêm yết công khai văn bản tố tụng,PATH_DOMAIN_BINDING,MEDIUM,NEEDS_REMEDIATION,2,2,0,VERIFIED,,PASS,"Compare rawPattern, canonical path, slot id, binding source, and visible DOCX context for each failing field."
BM-161,Phiếu yêu cầu trích xuất,PATH_DOMAIN_BINDING,MEDIUM,NEEDS_REMEDIATION,12,12,0,VERIFIED,,PASS,"Compare rawPattern, canonical path, slot id, binding source, and visible DOCX context for each failing field."
BM-162,Giấy mời,CONTRACT_REPAIR,HIGH,NEEDS_REMEDIATION,8,3,5,CONTRACT_REPAIR_REQUIRED,REVIEW_REQUIRED_REMAINS,PASS,"Repair same-BM DOCX placeholder, slot, binding, and reviewRequired mismatches before semantic field work."
BM-163,Giấy triệu tập,CONTRACT_REPAIR,HIGH,NEEDS_REMEDIATION,8,3,5,CONTRACT_REPAIR_REQUIRED,REVIEW_REQUIRED_REMAINS,PASS,"Repair same-BM DOCX placeholder, slot, binding, and reviewRequired mismatches before semantic field work."
BM-164,"BB giao nhận Cáo trạng, QĐ truy tố theo thủ tục rút gọn, QĐ tạm đình chỉ vụ án, đình chỉ vụ án",SOURCE_POLICY,MEDIUM,NEEDS_REMEDIATION,7,6,1,VERIFIED,,PASS,"Review source kind, readonly, required, and compiled drift policy before changing contract metadata."
BM-165,Thông báo về việc vụ án có bị can bị tạm giam,SOURCE_POLICY,MEDIUM,NEEDS_REMEDIATION,2,1,1,VERIFIED,,PASS,"Review source kind, readonly, required, and compiled drift policy before changing contract metadata."
BM-166,QĐ trả hồ sơ vụ án để điều tra lại,PATH_DOMAIN_BINDING,MEDIUM,NEEDS_REMEDIATION,3,0,3,VERIFIED,,PASS,"Compare rawPattern, canonical path, slot id, binding source, and visible DOCX context for each failing field."
BM-167,"Thông báo về việc trả hồ sơ, ban hành cáo trạng",CONTRACT_REPAIR,HIGH,NEEDS_REMEDIATION,0,0,0,CONTRACT_REPAIR_REQUIRED,TEMPLATE_PLACEHOLDER_WITHOUT_SLOT,PASS,"Repair same-BM DOCX placeholder, slot, binding, and reviewRequired mismatches before semantic field work."
BM-168,"BB giao nhận hồ sơ vụ án, vụ việc",VERIFY_ONLY,LOW,READY_FOR_FINAL_REVIEW,0,0,0,VERIFIED,,PASS,"Keep under final verification: validate, compile, render, publish, and DB sync."
BM-169,QĐ xử lý vật chứng,PATH_DOMAIN_BINDING,MEDIUM,NEEDS_REMEDIATION,3,0,3,VERIFIED,,PASS,"Compare rawPattern, canonical path, slot id, binding source, and visible DOCX context for each failing field."
BM-170,QĐ huỷ bỏ QĐ xử lý vật chứng,PATH_DOMAIN_BINDING,MEDIUM,NEEDS_REMEDIATION,3,0,3,VERIFIED,,PASS,"Compare rawPattern, canonical path, slot id, binding source, and visible DOCX context for each failing field."
BM-171,QĐ trả lại tài sản,PATH_DOMAIN_BINDING,MEDIUM,NEEDS_REMEDIATION,2,0,2,VERIFIED,,PASS,"Compare rawPattern, canonical path, slot id, binding source, and visible DOCX context for each failing field."
BM-172,QĐ huỷ bỏ QĐ trả lại tài sản,PATH_DOMAIN_BINDING,MEDIUM,NEEDS_REMEDIATION,5,0,5,VERIFIED,,PASS,"Compare rawPattern, canonical path, slot id, binding source, and visible DOCX context for each failing field."
BM-173,QĐ chuyển vật chứng,PATH_DOMAIN_BINDING,MEDIUM,NEEDS_REMEDIATION,3,0,3,VERIFIED,,PASS,"Compare rawPattern, canonical path, slot id, binding source, and visible DOCX context for each failing field."
BM-174,Yêu cầu áp dụng biện pháp điều tra tố tụng đặc biệt,SOURCE_POLICY,MEDIUM,NEEDS_REMEDIATION,14,10,4,VERIFIED,,PASS,"Review source kind, readonly, required, and compiled drift policy before changing contract metadata."
BM-175,QĐ phê chuẩn QĐ áp dụng biện pháp điều tra tố tụng đặc biệt,SOURCE_POLICY,MEDIUM,NEEDS_REMEDIATION,4,2,2,VERIFIED,,PASS,"Review source kind, readonly, required, and compiled drift policy before changing contract metadata."
BM-176,QĐ không phê chuẩn QĐ áp dụng biện pháp điều tra tố tụng đặc biệt,SOURCE_POLICY,MEDIUM,NEEDS_REMEDIATION,8,6,2,VERIFIED,,PASS,"Review source kind, readonly, required, and compiled drift policy before changing contract metadata."
BM-177,QĐ gia hạn thời hạn áp dụng biện pháp điều tra tố tụng đặc biệt,SOURCE_POLICY,MEDIUM,NEEDS_REMEDIATION,2,1,1,VERIFIED,,PASS,"Review source kind, readonly, required, and compiled drift policy before changing contract metadata."
BM-178,QĐ huỷ bỏ QĐ áp dụng biện pháp điều tra tố tụng đặc biệt,SOURCE_POLICY,MEDIUM,NEEDS_REMEDIATION,5,3,2,VERIFIED,,PASS,"Review source kind, readonly, required, and compiled drift policy before changing contract metadata."
BM-179,QĐ áp dụng biện pháp chữa bệnh,SOURCE_POLICY,MEDIUM,NEEDS_REMEDIATION,10,8,2,VERIFIED,,PASS,"Review source kind, readonly, required, and compiled drift policy before changing contract metadata."
BM-180,QĐ đình chỉ thi hành biện pháp bắt buộc chữa bệnh,PATH_DOMAIN_BINDING,MEDIUM,NEEDS_REMEDIATION,12,10,2,VERIFIED,,PASS,"Compare rawPattern, canonical path, slot id, binding source, and visible DOCX context for each failing field."
BM-181,QĐ áp dụng thủ tục rút gọn,SOURCE_POLICY,MEDIUM,NEEDS_REMEDIATION,4,2,2,VERIFIED,,PASS,"Review source kind, readonly, required, and compiled drift policy before changing contract metadata."
BM-182,QĐ huỷ bỏ QĐ áp dụng thủ tục rút gọn 1,SOURCE_POLICY,MEDIUM,NEEDS_REMEDIATION,4,2,2,VERIFIED,,PASS,"Review source kind, readonly, required, and compiled drift policy before changing contract metadata."
BM-183,QĐ truy tố theo thủ tục rút gọn,PATH_DOMAIN_BINDING,MEDIUM,NEEDS_REMEDIATION,11,9,2,VERIFIED,,PASS,"Compare rawPattern, canonical path, slot id, binding source, and visible DOCX context for each failing field."
BM-184,Đề nghị áp dụng biện pháp bảo vệ,SOURCE_POLICY,MEDIUM,NEEDS_REMEDIATION,14,11,3,VERIFIED,,PASS,"Review source kind, readonly, required, and compiled drift policy before changing contract metadata."
BM-185,Yêu cầu lập Báo cáo điều tra xã hội bổ sung,SOURCE_POLICY,MEDIUM,NEEDS_REMEDIATION,7,5,2,VERIFIED,,PASS,"Review source kind, readonly, required, and compiled drift policy before changing contract metadata."
BM-186,Thông báo áp dụng thủ tục xử lý chuyển hướng,SOURCE_POLICY,HIGH,NEEDS_REMEDIATION,20,18,2,VERIFIED,,PASS,"Review source kind, readonly, required, and compiled drift policy before changing contract metadata."
BM-187,Yêu cầu NLCTXH xây dựng kế hoạch XLCH hoặc kế hoạch XLCH bổ sung,SOURCE_POLICY,MEDIUM,NEEDS_REMEDIATION,16,14,2,VERIFIED,,PASS,"Review source kind, readonly, required, and compiled drift policy before changing contract metadata."
BM-188,Đề nghị Tòa án giải quyết vấn đề bồi thường thiệt hại,SOURCE_POLICY,MEDIUM,NEEDS_REMEDIATION,18,16,2,VERIFIED,,PASS,"Review source kind, readonly, required, and compiled drift policy before changing contract metadata."
BM-189,Yêu cầu CQĐT đề nghị TA xem xét áp dụng biện pháp giáo dục tại trường giáo dưỡng,SOURCE_POLICY,MEDIUM,NEEDS_REMEDIATION,16,15,1,VERIFIED,,PASS,"Review source kind, readonly, required, and compiled drift policy before changing contract metadata."
BM-190,"Đề nghị Tòa án xem xét, quyết định áp dụng biện pháp giáo dục tại trường giáo dưỡng",SOURCE_POLICY,MEDIUM,NEEDS_REMEDIATION,19,17,2,VERIFIED,,PASS,"Review source kind, readonly, required, and compiled drift policy before changing contract metadata."
BM-191,Quyết định áp dụng biện pháp xử lý chuyển hướng tại cộng đồng,SOURCE_POLICY,MEDIUM,NEEDS_REMEDIATION,18,16,2,VERIFIED,,PASS,"Review source kind, readonly, required, and compiled drift policy before changing contract metadata."
BM-192,Quyết định không áp dụng biện pháp xử lý chuyển hướng tại cộng đồng,SOURCE_POLICY,MEDIUM,NEEDS_REMEDIATION,17,15,2,VERIFIED,,PASS,"Review source kind, readonly, required, and compiled drift policy before changing contract metadata."
BM-193,Quyết định thay đổi biện pháp xử lý chuyển hướng tại cộng đồng,SOURCE_POLICY,MEDIUM,NEEDS_REMEDIATION,16,14,2,VERIFIED,,PASS,"Review source kind, readonly, required, and compiled drift policy before changing contract metadata."
BM-194,Quyết định hủy bỏ quyết định áp dụng biện pháp xử lý chuyển hướng,SOURCE_POLICY,MEDIUM,NEEDS_REMEDIATION,4,2,2,VERIFIED,,PASS,"Review source kind, readonly, required, and compiled drift policy before changing contract metadata."
BM-195,Quyết định hủy bỏ quyết định không áp dụng biện pháp xử lý chuyển hướng,SOURCE_POLICY,MEDIUM,NEEDS_REMEDIATION,4,2,2,VERIFIED,,PASS,"Review source kind, readonly, required, and compiled drift policy before changing contract metadata."
BM-196,"Quyết định mở phiên họp xem xét, áp dụng biện pháp xử lý chuyển hướng tại cộng đồng - Copy",SOURCE_POLICY,HIGH,NEEDS_REMEDIATION,20,18,2,VERIFIED,,PASS,"Review source kind, readonly, required, and compiled drift policy before changing contract metadata."
BM-197,"BB phiên họp xem xét, quyết định áp dụng BPXLCH tại cộng đồng",SOURCE_POLICY,MEDIUM,NEEDS_REMEDIATION,13,11,2,VERIFIED,,PASS,"Review source kind, readonly, required, and compiled drift policy before changing contract metadata."
BM-198,"Quyết định hoãn phiên họp xem xét, quyết định áp dụng BPXLCH tại cộng đồng - Copy - Copy",SOURCE_POLICY,MEDIUM,NEEDS_REMEDIATION,4,2,2,VERIFIED,,PASS,"Review source kind, readonly, required, and compiled drift policy before changing contract metadata."
BM-199,Kiến nghị về quyết định áp dụng BPXLCH của Tòa án - Copy,SOURCE_POLICY,MEDIUM,NEEDS_REMEDIATION,19,17,2,VERIFIED,,PASS,"Review source kind, readonly, required, and compiled drift policy before changing contract metadata."
BM-200,"Thông báo tiếp nhận khiếu nại, kiến nghị cân nhắc tính cần thiết",SOURCE_POLICY,MEDIUM,NEEDS_REMEDIATION,2,1,1,VERIFIED,,PASS,"Review source kind, readonly, required, and compiled drift policy before changing contract metadata."
BM-201,"Quyết định giải quyết khiếu nại, kiến nghị",SOURCE_POLICY,MEDIUM,NEEDS_REMEDIATION,17,15,2,VERIFIED,,PASS,"Review source kind, readonly, required, and compiled drift policy before changing contract metadata."
BM-202,"Quyết định đình chỉ việc giải quyết khiếu nại, kiến nghị",SOURCE_POLICY,MEDIUM,NEEDS_REMEDIATION,5,3,2,VERIFIED,,PASS,"Review source kind, readonly, required, and compiled drift policy before changing contract metadata."
BM-203,Thông báo về hoạt động tố tụng,LEGAL_REVIEW,HIGH,BLOCKED_BY_HUMAN_DOCX_REVIEW,21,19,2,VERIFIED,,PASS,BLOCKED: Human DOCX/legal review required for 19x BM-203.sourcePolicyFields.
BM-204,"QĐ việc tham gia tố tụng của người đại diện, tổ chức",SOURCE_POLICY,MEDIUM,NEEDS_REMEDIATION,11,9,2,VERIFIED,,PASS,"Review source kind, readonly, required, and compiled drift policy before changing contract metadata."
BM-205,Thông báo áp dụng biện pháp ngăn chặn đối với NCTN,SOURCE_POLICY,MEDIUM,NEEDS_REMEDIATION,15,14,1,VERIFIED,,PASS,"Review source kind, readonly, required, and compiled drift policy before changing contract metadata."
BM-206,Quyết định áp dụng biện pháp giám sát điện tử đối với NCTN - Copy,WEAK_EVIDENCE_REVIEW,MEDIUM,NEEDS_REMEDIATION,13,13,0,VERIFIED,,PASS,Strengthen direct DOCX evidence or downgrade weak auto-locked fields to manual review.
BM-207,Quyết định phê chuẩn quyết định áp dụng biện pháp giám sát điện tử đối với NCTN,SOURCE_POLICY,MEDIUM,NEEDS_REMEDIATION,14,13,1,VERIFIED,,PASS,"Review source kind, readonly, required, and compiled drift policy before changing contract metadata."
BM-208,Quyết định không phê chuẩn quyết định áp dụng biện pháp giám sát điện tử đối với NCTN,SOURCE_POLICY,MEDIUM,NEEDS_REMEDIATION,14,13,1,VERIFIED,,PASS,"Review source kind, readonly, required, and compiled drift policy before changing contract metadata."
BM-209,Quyết định áp dụng biện pháp giám sát bởi người đại diện,SOURCE_POLICY,MEDIUM,NEEDS_REMEDIATION,13,12,1,VERIFIED,,PASS,"Review source kind, readonly, required, and compiled drift policy before changing contract metadata."
BM-210,Quyết định thay đổi người đại diện,WEAK_EVIDENCE_REVIEW,MEDIUM,NEEDS_REMEDIATION,10,10,0,VERIFIED,,PASS,Strengthen direct DOCX evidence or downgrade weak auto-locked fields to manual review.
BM-211,Thông báo về việc thụ lý vụ án,SOURCE_POLICY,HIGH,NEEDS_REMEDIATION,21,19,2,VERIFIED,,PASS,"Review source kind, readonly, required, and compiled drift policy before changing contract metadata."
BM-212,"Đề nghị tham gia tố tụng để hướng dẫn, hỗ trợ cho người chưa thành niên",LEGAL_REVIEW,HIGH,BLOCKED_BY_HUMAN_DOCX_REVIEW,25,23,2,VERIFIED,,PASS,BLOCKED: Human DOCX/legal review required for 23x BM-212.sourcePolicyFields.
BM-213,Yêu cầu áp dụng các biện pháp kỹ thuật để bảo vệ NCTN,SOURCE_POLICY,MEDIUM,NEEDS_REMEDIATION,5,0,5,VERIFIED,,PASS,"Review source kind, readonly, required, and compiled drift policy before changing contract metadata."
